"(PDH-CSV 4.0) (","\\DESKTOP-5GTCQEM\LogicalDisk(C:)\Disk Read Bytes/sec","\\DESKTOP-5GTCQEM\LogicalDisk(C:)\Disk Reads/sec","\\DESKTOP-5GTCQEM\PhysicalDisk(1 C: E:)\% Disk Time","\\DESKTOP-5GTCQEM\PhysicalDisk(1 C: E:)\Avg. Disk Bytes/Read","\\DESKTOP-5GTCQEM\PhysicalDisk(1 C: E:)\Avg. Disk Queue Length","\\DESKTOP-5GTCQEM\PhysicalDisk(1 C: E:)\Avg. Disk sec/Read","\\DESKTOP-5GTCQEM\PhysicalDisk(1 C: E:)\Current Disk Queue Length","\\DESKTOP-5GTCQEM\PhysicalDisk(1 C: E:)\Disk Read Bytes/sec","\\DESKTOP-5GTCQEM\PhysicalDisk(1 C: E:)\Disk Reads/sec","\\DESKTOP-5GTCQEM\PhysicalDisk(1 C: E:)\Current Disk Queue Length","\\DESKTOP-5GTCQEM\PhysicalDisk(1 C: E:)\% Disk Time","\\DESKTOP-5GTCQEM\PhysicalDisk(1 C: E:)\Avg. Disk Queue Length","\\DESKTOP-5GTCQEM\PhysicalDisk(1 C: E:)\% Disk Read Time","\\DESKTOP-5GTCQEM\PhysicalDisk(1 C: E:)\Avg. Disk Read Queue Length","\\DESKTOP-5GTCQEM\PhysicalDisk(1 C: E:)\% Disk Write Time","\\DESKTOP-5GTCQEM\PhysicalDisk(1 C: E:)\Avg. Disk Write Queue Length","\\DESKTOP-5GTCQEM\PhysicalDisk(1 C: E:)\Avg. Disk sec/Transfer","\\DESKTOP-5GTCQEM\PhysicalDisk(1 C: E:)\Avg. Disk sec/Read","\\DESKTOP-5GTCQEM\PhysicalDisk(1 C: E:)\Avg. Disk sec/Write","\\DESKTOP-5GTCQEM\PhysicalDisk(1 C: E:)\Disk Transfers/sec","\\DESKTOP-5GTCQEM\PhysicalDisk(1 C: E:)\Disk Reads/sec","\\DESKTOP-5GTCQEM\PhysicalDisk(1 C: E:)\Disk Writes/sec","\\DESKTOP-5GTCQEM\PhysicalDisk(1 C: E:)\Disk Bytes/sec","\\DESKTOP-5GTCQEM\PhysicalDisk(1 C: E:)\Disk Read Bytes/sec","\\DESKTOP-5GTCQEM\PhysicalDisk(1 C: E:)\Disk Write Bytes/sec","\\DESKTOP-5GTCQEM\PhysicalDisk(1 C: E:)\Avg. Disk Bytes/Transfer","\\DESKTOP-5GTCQEM\PhysicalDisk(1 C: E:)\Avg. Disk Bytes/Read","\\DESKTOP-5GTCQEM\PhysicalDisk(1 C: E:)\Avg. Disk Bytes/Write","\\DESKTOP-5GTCQEM\PhysicalDisk(1 C: E:)\% Idle Time","\\DESKTOP-5GTCQEM\PhysicalDisk(1 C: E:)\Split IO/Sec"
"10/09/2022 19:25:27.799","26803.055129487027443","52.349717049779350475","4.4030531469851226234","512","0.044030531469851225124","2.5599999999999998842e-005","0","26803.055129487027443","52.349717049779350475","0","4.4030531469851226234","0.044030531469851225124","0.1342042630822944671","0.0013420426308229447664","4.2688488839028275734","0.042688488839028274069","6.9991666666666669367e-005","2.5599999999999998842e-005","7.4027272727272732788e-005","628.19660459735223412","52.349717049779350475","575.84688754757280549","3886442.9937756187283","26803.055129487027443","3859639.9386461316608","6186.6666666666669698","512","6702.5454545454549589","89.441898990322613372","0"
"10/09/2022 19:25:32.808","3475.5017456170703554","0.59894906002132419776","0.53390121797263523362","5802.6666666666669698","0.005339012179726352475","0.00019166666666666667246","0","3475.5017456170703554","0.59894906002132419776","0","0.53390121797263523362","0.005339012179726352475","0.011479986251169162909","0.00011479986251169162204","0.52242123172146603949","0.0052242123172146605684","9.1268259385665528502e-005","0.00019166666666666667246","9.0229655172413805102e-005","58.497358195415991133","0.59894906002132419776","57.89840913539466527","4790672.4944144003093","3475.5017456170703554","4787196.9926687832922","81895.535836177470628","5802.6666666666669698","82682.703448275860865","99.298189508338737141","1.9964968667377471778"
"10/09/2022 19:25:37.799","615.53449162150752727","0.20036930065804284262","1.0513308841871782384","3072","0.010513308841871783078","0.00028959999999999999198","0","615.53449162150752727","0.20036930065804284262","0","1.0513308841871782384","0.010513308841871783078","0.0058026129791388450507","5.802612979138844861e-005","1.0455282712080393726","0.010455282712080394419","0.00024985904761904760172","0.00028959999999999999198","0.00024966889952153108233","42.077553138188996229","0.20036930065804284262","41.877183837530949972","4446621.167473770678","615.53449162150752727","4446005.6329821487889","105676.80000000000291","3072","106167.73205741627316","99.238072434482674566","0.80147720263217137049"
"10/09/2022 19:25:42.812","408.4822699646956039","0.19945423338119902534","0.20007583945968734906","2048","0.002000758394596873456","7.859999999999999962e-005","0","408.4822699646956039","0.19945423338119902534","0","0.20007583945968734906","0.002000758394596873456","0.0015676892308605487082","1.5676892308605487353e-005","0.19850815022882678518","0.0019850815022882679212","7.1652142857142860966e-005","7.859999999999999962e-005","7.1602158273381295308e-005","27.923592673367863881","0.19945423338119902534","27.724138439986667493","2957003.1522744316608","408.4822699646956039","2956594.6700044670142","105896.2285714285681","2048","106643.3381294964056","99.637688270301850935","2.5929050339555876903"
"10/09/2022 19:25:47.811","2663.0166481350420327","0.60013896817947154361","0.39020454602238996422","4437.3333333333330302","0.0039021557579132669022","0.00029220000000000000097","0","2663.0166481350420327","0.60013896817947154361","0","0.39020454602238996422","0.0039021557579132669022","0.017535619702619013871","0.00017536115375556336586","0.37266892631977094341","0.0037267946041577037532","0.00014238102189781021612","0.00029220000000000000097","0.00013902686567164178506","27.406346213529204192","0.60013896817947154361","26.806207245349732204","6203394.8581133447587","2663.0166481350420327","6200731.8414652096108","226348.84671532845823","4437.3333333333330302","231317.01492537313607","99.550983313975677902","1.2002779363589430872"
"10/09/2022 19:25:52.811","6963.836633945075846","0.40003657134335224299","0.25993740715556767906","17408","0.0025993006058787453127","0.00023565000000000000877","0","6963.836633945075846","0.40003657134335224299","0","0.25993740715556767906","0.0025993006058787453127","0.009427211585232934607","9.4269451455202893917e-005","0.25051019557033465945","0.0025050311544235425408","9.0244444444444448525e-005","0.00023565000000000000877","8.8196478873239436626e-005","28.802633136721361495","0.40003657134335224299","28.402596565378008364","3610954.1134250494651","6963.836633945075846","3603990.2767911045812","125368.88888888889051","17408","126889.46478873239539","99.625077815000778969","1.600146285373408972"
"10/09/2022 19:25:57.799","0","0","0.063313438146433698162","0","0.00063313438146433693825","0","0","0","0","0","0.063313438146433698162","0.00063313438146433693825","0","0","0.063313438146433698162","0.00063313438146433693825","3.6722093023255817604e-005","0","3.6722093023255817604e-005","17.241129749485178735","0","17.241129749485178735","233209.13438261777628","0","233209.13438261777628","13526.325581395349218","0","13526.325581395349218","99.830889507996388943","0.4009565058019809447"
"10/09/2022 19:26:02.809","817.59927144239918562","0.19960919712949198868","0.12381966510424458061","4096","0.0012381966510424458668","0.00011739999999999999405","0","817.59927144239918562","0.19960919712949198868","0","0.12381966510424458061","0.0012381966510424458668","0.0023434135647076967564","2.3434135647076968241e-005","0.12147625153953688082","0.0012147625153953688342","3.7594545454545449123e-005","0.00011739999999999999405","3.7107926829268296726e-005","32.935517526366176355","0.19960919712949198868","32.735908329236686143","959861.54467337660026","817.59927144239918562","959043.94540193420835","29143.660606060606369","4096","29296.390243902438669","99.622309201323531624","1.1976551827769519321"
"10/09/2022 19:26:07.798","0","0","0.89724032894543015448","0","0.0089724032894543011285","0","0","0","0","0","0.89724032894543015448","0.0089724032894543011285","0","0","0.89724032894543015448","0.0089724032894543011285","0.00012790542857142857898","0","0.00012790542857142857898","70.148644978709896236","0","70.148644978709896236","1555680.4869518510532","0","1555680.4869518510532","22176.914285714286962","0","22176.914285714286962","99.055262968545903846","4.8101927985401067289"
"10/09/2022 19:26:12.812","0","0","0.20815002279258704165","0","0.0020815002279258704686","0","0","0","0","0","0.20815002279258704165","0.0020815002279258704686","0","0","0.20815002279258704165","0.0020815002279258704686","3.1433734939759036444e-005","0","3.1433734939759036444e-005","66.21953587206002112","0","66.21953587206002112","633154.50202490168158","0","633154.50202490168158","9561.4457831325307779","0","9561.4457831325307779","99.196077381306764664","3.5902158002924111635"
"10/09/2022 19:26:17.806","0","0","0.12141251137128541981","0","0.0012141251137128541635","0","0","0","0","0","0.12141251137128541981","0.0012141251137128541635","0","0","0.12141251137128541981","0.0012141251137128541635","4.1250340136054426438e-005","0","4.1250340136054426438e-005","29.433335017907879205","0","29.433335017907879205","452711.12250890868017","0","452711.12250890868017","15380.897959183674175","0","15380.897959183674175","99.672279524205833923","0.40045353765861058104"
"10/09/2022 19:26:22.794","0","0","0.36895186079681036029","0","0.0036895186079681035161","0","0","0","0","0","0.36895186079681036029","0.0036895186079681035161","0","0","0.36895186079681036029","0.0036895186079681035161","5.2133994334277625291e-005","0","5.2133994334277625291e-005","70.768528172991153724","0","70.768528172991153724","1379541.2395077636465","0","1379541.2395077636465","19493.711048158638732","0","19493.711048158638732","99.197344808832895069","2.0047741692065486063"
"10/09/2022 19:26:27.805","0","0","0.090862617885200752665","0","0.00090862617885200758303","0","0","0","0","0","0.090862617885200752665","0.00090862617885200758303","0","0","0.090862617885200752665","0.00090862617885200758303","3.8911965811965810742e-005","0","3.8911965811965810742e-005","23.350780757304139712","0","23.350780757304139712","662156.29372096911538","0","662156.29372096911538","28356.923076923078042","0","28356.923076923078042","99.684580362074967752","1.9957932271200118368"
"10/09/2022 19:26:32.800","3280.0368059208185514","0.20019755895512808541","0.15644833687458151172","16384","0.0015644833687458151086","0.00011909999999999999472","0","3280.0368059208185514","0.20019755895512808541","0","0.15644833687458151172","0.0015644833687458151086","0.0023843216616884193443","2.384321661688419141e-005","0.15406401521289309064","0.0015406401521289310019","3.2027868852459017845e-005","0.00011909999999999999472","3.1669547325102880854e-005","48.848204385051253951","0.20019755895512808541","48.648006826096128918","582206.53305094526149","3280.0368059208185514","578926.49624502449296","11918.68852459016307","16384","11900.312757201645582","99.387235338794084782","1.6015804716410246833"
"10/09/2022 19:26:37.804","0","0","0.74169159836679876552","0","0.0074169159836679878287","0","0","0","0","0","0.74169159836679876552","0.0074169159836679878287","0","0","0.74169159836679876552","0.0074169159836679878287","0.00010788313953488372571","0","0.00010788313953488372571","68.749043209173350988","0","68.749043209173350988","1952344.9219438552391","0","1952344.9219438552391","28398.139534883721353","0","28398.139534883721353","99.063319523469772321","0.79940747917643439902"
"10/09/2022 19:26:42.796","3281.8031745757043609","0.20030536954197414312","0.66817355718811377585","16384","0.0066817355718811373422","0.00013479999999999999686","0","3281.8031745757043609","0.20030536954197414312","0","0.66817355718811377585","0.0066817355718811373422","0.0027001281719595455512","2.7001281719595454428e-005","0.66547342901615424982","0.0066547342901615421859","6.0212274368231048229e-005","0.00013479999999999999686","6.0077396021699816075e-005","110.96917472625366941","0.20030536954197414312","110.7688693567117042","4559245.0602792976424","3281.8031745757043609","4555963.2571047218516","41085.689530685922364","16384","41130.358047016277851","98.815837557725245688","5.6085503471752762294"
"10/09/2022 19:26:47.804","6543.1861266882087875","0.39936438761524711838","0.99273221877021700088","16384","0.0099273221877021703557","0.00019420000000000000413","0","6543.1861266882087875","0.39936438761524711838","0","0.99273221877021700088","0.0099273221877021703557","0.0077555800589819449617","7.7555800589819453412e-005","0.98497663871123497525","0.0098497663871123502383","9.5792100192678230719e-005","0.00019420000000000000413","9.5411411992263057535e-005","103.63505858615661737","0.39936438761524711838","103.23569419854136697","4148380.0043203239329","6543.1861266882087875","4141836.8181936359033","40028.732177263969788","16384","40120.201160541582794","98.825626664946213396","3.5942794885372237879"
"10/09/2022 19:26:52.800","0","0","0.64900883415999288673","0","0.0064900883415999286591","0","0","0","0","0","0.64900883415999288673","0.0064900883415999286591","0","0","0.64900883415999288673","0.0064900883415999286591","8.6704010695187169527e-005","0","8.6704010695187169527e-005","74.853466333932999532","0","74.853466333932999532","3536554.8904271344654","0","3536554.8904271344654","47246.374331550803618","0","47246.374331550803618","99.316198353693948775","1.6011436648969625818"
"10/09/2022 19:26:57.816","0","0","0.12762338593821132005","0","0.0012762338593821133132","0","0","0","0","0","0.12762338593821132005","0.0012762338593821133132","0","0","0.12762338593821132005","0.0012762338593821133132","4.9619379844961244118e-005","0","4.9619379844961244118e-005","25.720305632996161904","0","25.720305632996161904","1012670.2412574638147","0","1012670.2412574638147","39372.403100775190978","0","39372.403100775190978","99.762639922108036217","1.1962932852556353858"
"10/09/2022 19:27:02.805","0","0","0.21213350663138436092","0","0.0021213350663138435398","0","0","0","0","0","0.21213350663138436092","0.0021213350663138435398","0","0","0.21213350663138436092","0.0021213350663138435398","2.8682113821138211483e-005","0","2.8682113821138211483e-005","73.95968487642298328","0","73.95968487642298328","1069727.226660538232","0","1069727.226660538232","14463.653116531164414","0","14463.653116531164414","99.238087606325819934","2.8060585047965362904"
"10/09/2022 19:27:07.795","0","0","0.50556765649453050404","0","0.0050556765649453052139","0","0","0","0","0","0.50556765649453050404","0.0050556765649453052139","0","0","0.50556765649453050404","0.0050556765649453052139","5.3910256410256407445e-005","0","5.3910256410256407445e-005","93.780279458018924288","0","93.780279458018924288","2186552.1403725664131","0","2186552.1403725664131","23315.692307692308532","0","23315.692307692308532","99.196940944968673648","7.8150232881682430985"
"10/09/2022 19:27:12.797","0","0","0.68499755293038855353","0","0.0068499755293038857781","0","0","0","0","0","0.68499755293038855353","0.0068499755293038857781","0","0","0.68499755293038855353","0.0068499755293038857781","0.00010509662576687116644","0","0.00010509662576687116644","65.177083737357946802","0","65.177083737357946802","2123438.9988480051979","0","2123438.9988480051979","32579.533742331288522","0","32579.533742331288522","98.998145969146833067","0.79971881886328766154"
"10/09/2022 19:27:17.810","0","0","0.054844784193594349475","0","0.00054844784193594346439","0","0","0","0","0","0.054844784193594349475","0.00054844784193594346439","0","0","0.054844784193594349475","0.00054844784193594346439","3.872112676056338091e-005","0","3.872112676056338091e-005","14.16416861936023075","0","14.16416861936023075","312144.76115481142187","0","312144.76115481142187","22037.633802816901152","0","22037.633802816901152","99.818819900317834026","1.3964673286693185528"
"10/09/2022 19:27:22.795","0","0","0.12848276189778357059","0","0.0012848276189778356712","0","0","0","0","0","0.12848276189778357059","0.0012848276189778356712","0","0","0.12848276189778357059","0.0012848276189778356712","4.7802238805970150416e-005","0","4.7802238805970150416e-005","26.878081903051640467","0","26.878081903051640467","956326.96809539571404","0","956326.96809539571404","35580.179104477610963","0","35580.179104477610963","99.718399002289388022","1.6046616061523366614"
"10/09/2022 19:27:27.796","6552.4098202802451851","0.19996367859741959183","1.2519938430223453985","32768","0.012519938430223453638","0.00019430000000000000656","0","6552.4098202802451851","0.19996367859741959183","0","1.2519938430223453985","0.012519938430223453638","0.0038853043751046812716","3.8853043751046814343e-005","1.248108538647240584","0.012481085386472405563","0.00015613690773067331235","0.00019430000000000000656","0.00015604150000000000008","80.18543511756524822","0.19996367859741959183","79.985471438967834956","3664435.1919917268679","6552.4098202802451851","3657882.78217144683","45699.511221945140278","32768","45731.839999999996508","98.907565589456851285","0.39992735719483918366"
"10/09/2022 19:27:32.811","3266.9640858873372053","0.19939966344527204622","0.30161489709283906269","16384","0.0030161489709283908177","0.00017660000000000001001","0","3266.9640858873372053","0.19939966344527204622","0","0.30161489709283906269","0.0030161489709283908177","0.0035213395670215899037","3.5213395670215900664e-005","0.29809355752581750965","0.0029809355752581749577","7.0029629629629632751e-005","0.00017660000000000001001","6.9533953488372092456e-005","43.070327304178761096","0.19939966344527204622","42.87092764073349116","2463290.9207590525039","3266.9640858873372053","2460023.956673164852","57192.296296296299261","16384","57382.102325581392506","99.523943204820582764","1.9939966344527204622"
"10/09/2022 19:27:37.803","3282.0812626012771034","0.20032234268806622945","0.13047050633373910578","16384","0.0013047050633373910751","0.00013479999999999999686","0","3282.0812626012771034","0.20032234268806622945","0","0.13047050633373910578","0.0013047050633373910751","0.0027003568637782942273","2.7003568637782943628e-005","0.12777014946996081979","0.0012777014946996081111","4.1484076433121019997e-005","0.00013479999999999999686","4.0885897435897431687e-005","31.450607802026397053","0.20032234268806622945","31.250285459338329019","906674.94879360275809","3282.0812626012771034","903392.86753100145143","28828.535031847135542","16384","28908.307692307691468","99.766381069873375509","1.6025787415045298356"
"10/09/2022 19:27:42.793","0","0","0.88575648921820726578","0","0.0088575648921820730741","0","0","0","0","0","0.88575648921820726578","0.0088575648921820730741","0","0","0.88575648921820726578","0.0088575648921820730741","0.00013231796407185629602","0","0.00013231796407185629602","66.940915983418364021","0","66.940915983418364021","3644920.8499828819185","0","3644920.8499828819185","54449.820359281438868","0","54449.820359281438868","99.058978680931488725","0.40084380828394233776"
"10/09/2022 19:27:47.805","0","0","0.71999180524708394913","0","0.0071999180524708397688","0","0","0","0","0","0.71999180524708394913","0.0071999180524708397688","0","0","0.71999180524708394913","0.0071999180524708397688","0.00012573484320557490172","0","0.00012573484320557490172","57.262069417669493987","0","57.262069417669493987","3022939.2648164806888","0","3022939.2648164806888","52791.303135888498218","0","52791.303135888498218","99.213080654868335273","0.79807762254591629869"
"10/09/2022 19:27:52.802","0","0","0.11809530197818185471","0","0.0011809530197818185384","0","0","0","0","0","0.11809530197818185471","0.0011809530197818185384","0","0","0.11809530197818185471","0.0011809530197818185384","6.7062499999999997005e-005","0","6.7062499999999997005e-005","17.609998252607901748","0","17.609998252607901748","1549987.2207444498781","0","1549987.2207444498781","88017.454545454544132","0","88017.454545454544132","99.793575855705171307","2.0011361650690795422"
"10/09/2022 19:27:57.816","204.24108609824867244","0.19945418564282096918","0.45758494445845276921","1024","0.004575849444584527935","0.00035270000000000000786","0","204.24108609824867244","0.19945418564282096918","0","0.45758494445845276921","0.004575849444584527935","0.0070347666665430052743","7.0347666665430050033e-005","0.45055017779190981164","0.0045055017779190983593","8.4656088560885605103e-005","0.00035270000000000000786","8.3663333333333335861e-005","54.052084309204488477","0.19945418564282096918","53.852630123561667119","3387951.1361977490596","204.24108609824867244","3387746.8951116506942","62679.380073800741229","1024","62907.733333333329938","99.494557898922025174","0.79781674257128387673"
"10/09/2022 19:28:02.807","0","0","0.64770364488299991823","0","0.0064770364488299994599","0","0","0","0","0","0.64770364488299991823","0.0064770364488299994599","0","0","0.64770364488299991823","0.0064770364488299994599","8.0032178217821788968e-005","0","8.0032178217821788968e-005","80.930354522028636666","0","80.930354522028636666","3689065.1772810467519","0","3689065.1772810467519","45583.207920792076038","0","45583.207920792076038","99.210686178639633681","1.4022586179559415331"
"10/09/2022 19:28:07.805","0","0","0.60130085340175931652","0","0.006013008534017593408","0","0","0","0","0","0.60130085340175931652","0.006013008534017593408","0","0","0.60130085340175931652","0.006013008534017593408","5.2076256499133443745e-005","0","5.2076256499133443745e-005","115.46610896602740581","0","115.46610896602740581","2981137.2203041128814","0","2981137.2203041128814","25818.287694974002079","0","25818.287694974002079","98.925751051240908396","3.0017186039695165078"
"10/09/2022 19:28:12.805","0","0","1.9755967031060615025","0","0.019755967031060615163","0","0","0","0","0","1.9755967031060615025","0.019755967031060615163","0","0","1.9755967031060615025","0.019755967031060615163","0.00020535862785862787601","0","0.00020535862785862787601","96.202139535583270913","0","96.202139535583270913","1311568.3692805329338","0","1311568.3692805329338","13633.463617463617993","0","13633.463617463617993","98.666764482312359519","1.2000266885935544359"
"10/09/2022 19:28:17.803","0","0","1.3377845131390389","0","0.013377845131390389208","0","0","0","0","0","1.3377845131390389","0.013377845131390389208","0","0","1.3377845131390389","0.013377845131390389208","0.00019843768545994066384","0","0.00019843768545994066384","67.415742924287670235","0","67.415742924287670235","2801499.0060478919186","0","2801499.0060478919186","41555.560830860536953","0","41555.560830860536953","99.204671018156361129","1.6003737192709239778"
"10/09/2022 19:28:22.803","0","0","0.064943315469170898036","0","0.00064943315469170902806","0","0","0","0","0","0.064943315469170898036","0.00064943315469170902806","0","0","0.064943315469170898036","0.00064943315469170902806","3.4539361702127656557e-005","0","3.4539361702127656557e-005","18.802666218069720827","0","18.802666218069720827","372788.86146055505378","0","372788.86146055505378","19826.38297872340263","0","19826.38297872340263","99.736998275032576089","0.80011345608807327157"
"10/09/2022 19:28:27.804","7574.9602778423768541","0.59979098483760373561","0.4244658104962395484","12629.33333333333394","0.0042446581049623956575","0.00029353333333333333057","0","7574.9602778423768541","0.59979098483760373561","0","0.4244658104962395484","0.0042446581049623956575","0.017605853444445474648","0.00017605853444445474323","0.40685995705179411885","0.0040685995705179410498","7.006831683168317042e-005","0.00029353333333333333057","6.7833666666666667328e-005","60.578889468597978407","0.59979098483760373561","59.97909848376037445","3627177.6011495511048","7574.9602778423768541","3619602.640871708747","59875.273927392736368","12629.33333333333394","60347.733333333329938","99.361456928157238622","0.79972131311680494381"
"10/09/2022 19:28:32.804","0","0","0.47631334245000978012","0","0.0047631334245000975236","0","0","0","0","0","0.47631334245000978012","0.0047631334245000975236","0","0","0.47631334245000978012","0.0047631334245000975236","0.00010048059071729957938","0","0.00010048059071729957938","47.403507859581608841","0","47.403507859581608841","5166257.5030552260578","0","5166257.5030552260578","108984.70886075949238","0","108984.70886075949238","99.480531455433990118","0"
"10/09/2022 19:28:37.790","7393.6941360067066853","0.40113357942744720663","0.81583750544391087089","18432","0.0081583750544391084314","4.3900000000000003202e-005","0","7393.6941360067066853","0.40113357942744720663","0","0.81583750544391087089","0.0081583750544391084314","0.0017609850669669728333","1.7609850669669728875e-005","0.81407652037694377967","0.0081407652037694382824","0.0001730910638297872403","4.3900000000000003202e-005","0.00017420000000000000588","47.133195582725043948","0.40113357942744720663","46.732062003297599517","6892976.7386849187315","7393.6941360067066853","6885583.0445489119738","146244.62978723403648","18432","147341.73390557940002","98.960326851664774495","2.20623468685095947"
"10/09/2022 19:28:42.803","13890.251731089976602","0.79792346800838565013","0.35286580361464975342","17408","0.0035286580361464977423","0.00046434999999999998412","0","13890.251731089976602","0.79792346800838565013","0","0.35286580361464975342","0.0035286580361464977423","0.037051378157069561614","0.00037051378157069558145","0.31581442545758020568","0.0031581442545758021609","0.00011267070063694268624","0.00046434999999999998412","0.00010347647058823528695","31.318496119329136462","0.79792346800838565013","30.520572651320748037","4832581.9919724510983","13890.251731089976602","4818691.7402413608506","154304.40764331209357","17408","157883.3986928104714","99.515547345942195534","0.39896173400419282506"
"10/09/2022 19:28:47.810","511.31134542752437255","0.19973099430762669693","0.59436890666712038911","2560","0.0059436890666712044115","0.00035740000000000001368","0","511.31134542752437255","0.19973099430762669693","0","0.59436890666712038911","0.0059436890666712044115","0.0071384028456781562638","7.1384028456781561012e-005","0.58723050382144237336","0.0058723050382144233519","5.7448648648648651337e-005","0.00035740000000000001368","5.6868471953578335083e-005","103.46065505135062779","0.19973099430762669693","103.26092405704299892","2986671.8309112554416","511.31134542752437255","2986160.5195658276789","28867.706563706564339","2560","28918.591876208898611","99.329553375260161374","0.79892397723050678771"
"10/09/2022 19:28:52.806","0","0","0.11995446557787783903","0","0.001199544655778778373","0","0","0","0","0","0.11995446557787783903","0.001199544655778778373","0","0","0.11995446557787783903","0.001199544655778778373","4.6460465116279074692e-005","0","4.6460465116279074692e-005","25.818732006445316074","0","25.818732006445316074","542704.14270961866714","0","542704.14270961866714","21019.782945736435067","0","21019.782945736435067","99.797017686288640448","0.40029041870457854335"
"10/09/2022 19:28:57.801","6559.7811505825702625","0.20018863374580597725","0.14178415616856668291","32768","0.0014178415616856669245","0.00052010000000000001109","0","6559.7811505825702625","0.20018863374580597725","0","0.14178415616856668291","0.0014178415616856669245","0.010411851694072930818","0.00010411851694072931252","0.13137230447449377291","0.0013137230447449377204","4.4825949367088610401e-005","0.00052010000000000001109","4.1798726114649685059e-005","31.629804131837346404","0.20018863374580597725","31.429615498091539649","593660.19412772264332","6559.7811505825702625","587100.41297714004759","18769.012658227849897","32768","18679.847133757961274","99.746063725497066343","0.80075453498322390899"
"10/09/2022 19:29:02.803","0","0","0.74991428282819716511","0","0.0074991428282819719633","0","0","0","0","0","0.74991428282819716511","0.0074991428282819719633","0","0","0.74991428282819716511","0.0074991428282819719633","6.5340940766550525336e-005","0","6.5340940766550525336e-005","114.76915693676481567","0","114.76915693676481567","3260359.011119352188","0","3260359.011119352188","28407.972125435539056","0","28407.972125435539056","99.046126035714166846","0.99973133220178411751"
"10/09/2022 19:29:07.816","0","0","1.4869315284437365499","0","0.01486931528443736529","0","0","0","0","0","1.4869315284437365499","0.01486931528443736529","0","0","1.4869315284437365499","0.01486931528443736529","0.00014879241516966068884","0","0.00014879241516966068884","99.934081405425047251","0","99.934081405425047251","1798274.1005149756093","0","1798274.1005149756093","17994.602794411177456","0","17994.602794411177456","98.598731844580001393","3.1915075897940137217"
"10/09/2022 19:29:12.811","0","0","0.11132074769137621784","0","0.0011132074769137621263","0","0","0","0","0","0.11132074769137621784","0.0011132074769137621263","0","0","0.11132074769137621784","0.0011132074769137621263","3.7071333333333332007e-005","0","3.7071333333333332007e-005","30.028664762809281541","0","30.028664762809281541","660086.10499410529155","0","660086.10499410529155","21981.866666666664969","0","21981.866666666664969","99.584755814045195166","0.40038219683745707167"
"10/09/2022 19:29:17.803","0","0","0.22017357455530556232","0","0.0022017357455530557273","0","0","0","0","0","0.22017357455530556232","0.0022017357455530557273","0","0","0.22017357455530556232","0.0022017357455530557273","4.7576623376623378549e-005","0","4.7576623376623378549e-005","46.277850451142931831","0","46.277850451142931831","795963.00079846323933","0","795963.00079846323933","17199.65367965367841","0","17199.65367965367841","99.660149540612891883","0.80134805976005074601"
"10/09/2022 19:29:22.817","3267.5395315643836511","0.19943478586208396308","0.59984299271058660885","16384","0.0059984299271058664701","0.0001263000000000000071","0","3267.5395315643836511","0.19943478586208396308","0","0.59984299271058660885","0.0059984299271058664701","0.0025188655149381788088","2.518865514938178714e-005","0.59732412719564853543","0.0059732412719564849032","7.4633002481389580261e-005","0.0001263000000000000071","7.4504477611940302952e-005","80.372218702419843339","0.19943478586208396308","80.172783916557762041","3807500.4391553984024","3267.5395315643836511","3804232.8996238340624","47373.339950372210296","16384","47450.427860696516291","99.341207975705444255","0.39886957172416792616"
"10/09/2022 19:29:27.808","0","0","0.68069498372759884575","0","0.0068069498372759886309","0","0","0","0","0","0.68069498372759884575","0.0068069498372759886309","0","0","0.68069498372759884575","0.0068069498372759886309","7.4336980306345743896e-005","0","7.4336980306345743896e-005","91.568577751640759743","0","91.568577751640759743","3026781.9054880030453","0","3026781.9054880030453","33054.809628008755681","0","33054.809628008755681","99.280673792658049592","1.6029510328514795514"
"10/09/2022 19:29:32.796","3284.2769191485954252","0.20045635492850313875","0.60883934387321436699","16384","0.0060883934387321436005","0.00016279999999999999983","0","3284.2769191485954252","0.20045635492850313875","0","0.60883934387321436699","0.0060883934387321436005","0.0032634148047779357703","3.2634148047779357703e-005","0.60557592906843638048","0.0060557592906843637007","7.5742643391521192976e-005","0.00016279999999999999983","7.5525000000000006191e-005","80.382998326329754946","0.20045635492850313875","80.182541971401249725","3531418.7573145269416","3284.2769191485954252","3528134.4803953785449","43932.408977556107857","16384","44001.279999999998836","99.379391916373194249","1.8041071943565281099"
"10/09/2022 19:29:37.800","11256.431400654828394","0.79946245743287136509","1.4383787889904691149","14080","0.014383787889904691912","0.00016510000000000000153","0","11256.431400654828394","0.79946245743287136509","0","1.4383787889904691149","0.014383787889904691912","0.013199179516296439749","0.00013199179516296439423","1.4251796094741726595","0.014251796094741727219","0.00018127707808564231477","0.00016510000000000000153","0.00018144173027989822576","79.346648900212471744","0.79946245743287136509","78.547186442779604931","4996525.2363615753129","11256.431400654828394","4985268.8049609204754","62970.841309823677875","14080","63468.458015267176961","98.844254338595689546","0.39973122871643568255"
"10/09/2022 19:29:42.807","0","0","0.74447922512186048838","0","0.0074447922512186053695","0","0","0","0","0","0.74447922512186048838","0.0074447922512186053695","0","0","0.74447922512186048838","0.0074447922512186053695","6.633042704626333861e-005","0","6.633042704626333861e-005","112.23816603316011253","0","112.23816603316011253","3021767.773482770659","0","3021767.773482770659","26922.818505338076648","0","26922.818505338076648","99.271108271832289915","1.9971203920491122918"
"10/09/2022 19:29:47.802","1639.9112766360965452","0.4003689640224845081","2.0515660584588557569","4096","0.020515660584588556181","0.00010780000000000000465","0","1639.9112766360965452","0.4003689640224845081","0","2.0515660584588557569","0.020515660584588556181","0.0043160056848761335982","4.3160056848761334898e-005","2.0472500527739794229","0.020472500527739793952","0.00022573370044052861881","0.00010780000000000000465","0.00022625553097345131809","90.88375483310399261","0.4003689640224845081","90.483385869081502051","3584026.0950881890021","1639.9112766360965452","3582386.1838115532883","39435.277533039647096","4096","39591.646017699116783","98.721649562959385094","0.4003689640224845081"
"10/09/2022 19:29:52.816","0","0","0.43017910673053183501","0","0.0043017910673053185583","0","0","0","0","0","0.43017910673053183501","0.0043017910673053185583","0","0","0.43017910673053183501","0.0043017910673053185583","7.7582733812949644528e-005","0","7.7582733812949644528e-005","55.448045739611515614","0","55.448045739611515614","2909198.599422255531","0","2909198.599422255531","52467.107913669067784","0","52467.107913669067784","99.509612173430468829","0.39890680388209720508"
"10/09/2022 19:29:57.809","820.37349506227690199","0.20028649781793869677","0.10708725256714883567","4096","0.0010708725256714883827","0.0001302999999999999959","0","820.37349506227690199","0.20028649781793869677","0","0.10708725256714883567","0.0010708725256714883827","0.0026097347914600587879","2.6097347914600586117e-005","0.10447751777568879683","0.0010447751777568879423","4.1447286821705429298e-005","0.0001302999999999999959","4.0753125000000002944e-005","25.836958218514091357","0.20028649781793869677","25.636671720696153187","734234.27808073780034","820.37349506227690199","733413.90458567556925","28417.984496124030557","4096","28608","99.544079532218560757","1.2017189869076321251"
"10/09/2022 19:30:02.806","6557.0424472848244477","0.20010505515395582421","1.0410243982314326683","32768","0.010410243982314326683","0.00019259999999999999234","0","6557.0424472848244477","0.20010505515395582421","0","1.0410243982314326683","0.010410243982314326683","0.0038539858047257429495","3.8539858047257430308e-005","1.0371704124267069336","0.010371704124267069544","0.00012845530864197531539","0.00019259999999999999234","0.00012829653465346534634","81.042547337352118575","0.20010505515395582421","80.842442282198149428","3738333.8252582605928","6557.0424472848244477","3731776.7828109757975","46128.039506172841357","32768","46161.108910891089181","98.968878704441252125","2.4012606618474698905"
"10/09/2022 19:30:07.793","1642.6977572884386518","0.40104925715049771773","1.7383209005227231447","4096","0.017383209005227232002","0.00011189999999999999589","0","1642.6977572884386518","0.40104925715049771773","0","1.7383209005227231447","0.017383209005227232002","0.0044876867440651595914","4.4876867440651598083e-005","1.7338332137786582887","0.017338332137786582193","0.00015316201413427559972","0.00011189999999999999589","0.00015330833333333332381","113.49693977359085295","0.40104925715049771773","113.09589051644034896","5874287.1800634562969","1642.6977572884386518","5872644.4823061674833","51757.22968197879527","4096","51926.241134751770005","98.274833355527803747","4.0104925715049768442"
"10/09/2022 19:30:12.795","3377.9631925566773134","0.79970719520754662835","1.1492124177311755506","4224","0.011492124177311754951","8.1124999999999993232e-005","0","3377.9631925566773134","0.79970719520754662835","0","1.1492124177311755506","0.011492124177311754951","0.0064877780657680355833","6.4877780657680354207e-005","1.1427246396654073823","0.011427246396654074448","0.00014019585365853656821","8.1124999999999993232e-005","0.00014077783251231526756","81.969987508773527907","0.79970719520754662835","81.170280313565982055","5052818.7609388697892","3377.9631925566773134","5049440.7977463128045","61642.30243902438815","4224","62208","98.610277952006995861","0.79970719520754662835"
"10/09/2022 19:30:17.805","0","0","0.42897305924488099427","0","0.004289730592448809908","0","0","0","0","0","0.42897305924488099427","0.004289730592448809908","0","0","0.42897305924488099427","0.004289730592448809908","7.9605185185185187353e-005","0","7.9605185185185187353e-005","53.887556070002098352","0","53.887556070002098352","4936029.8826057603583","0","4936029.8826057603583","91598.696296296300716","0","91598.696296296300716","99.430416288322646778","0.79833416400003098801"
"10/09/2022 19:30:22.796","0","0","0.10178039746016726008","0","0.0010178039746016726529","0","0","0","0","0","0.10178039746016726008","0.0010178039746016726529","0","0","0.10178039746016726008","0.0010178039746016726529","4.3784482758620689815e-005","0","4.3784482758620689815e-005","23.245781171269946697","0","23.245781171269946697","879094.52391918748617","0","879094.52391918748617","37817.379310344826081","0","37817.379310344826081","99.688053802893591637","0.40078933053913701201"
"10/09/2022 19:30:27.810","0","0","0.32367822832302345359","0","0.0032367822832302345186","0","0","0","0","0","0.32367822832302345359","0.0032367822832302345186","0","0","0.32367822832302345359","0.0032367822832302345186","5.7357597173144870748e-005","0","5.7357597173144870748e-005","56.431922034773194241","0","56.431922034773194241","3004886.9845076031052","0","3004886.9845076031052","53248","0","53248","99.550682646161348544","2.7916851889993803404"
"10/09/2022 19:30:32.810","716.80815727682977467","0.20000227602590114895","0.52189184398471610837","3584","0.0052190647795758091099","0.00029480000000000000995","0","716.80815727682977467","0.20000227602590114895","0","0.52189184398471610837","0.0052190647795758091099","0.0058958852660727220293","5.896050588114046297e-005","0.51599595871864334384","0.0051601042736946680506","9.0923693379790944662e-005","0.00029480000000000000995","9.0210839160839170021e-005","57.400653219433635854","0.20000227602590114895","57.200650943407730153","5064352.0323261274025","716.80815727682977467","5063635.2241688510403","88228.12543554007425","3584","88524.083916083909571","99.313109366891723084","0.4000045520518022979"
"10/09/2022 19:30:37.806","0","0","0.78170629050135709281","0","0.0078168435359857752626","0","0","0","0","0","0.78170629050135709281","0.0078168435359857752626","0","0","0.78170629050135709281","0.0078168435359857752626","0.00013897651245551602937","0","0.00013897651245551602937","56.244565944271599278","0","56.244565944271599278","5809454.379271959886","0","5809454.379271959886","103289.16725978648174","0","103289.16725978648174","99.170563514947204453","1.2009515859986819031"
"10/09/2022 19:30:42.795","0","0","0.095283299273895588621","0","0.0009528329927389559556","0","0","0","0","0","0.095283299273895588621","0.0009528329927389559556","0","0","0.095283299273895588621","0.0009528329927389559556","4.5702884615384610284e-005","0","4.5702884615384610284e-005","20.848702151251281123","0","20.848702151251281123","769387.67421922262292","0","769387.67421922262292","36903.384615384617064","0","36903.384615384617064","99.721837957529885443","0.40093657983175534643"
"10/09/2022 19:30:47.802","0","0","0.062417580644327015638","0","0.00062417580644327016071","0","0","0","0","0","0.062417580644327015638","0.00062417580644327016071","0","0","0.062417580644327015638","0.00062417580644327016071","2.9765714285714286297e-005","0","2.9765714285714286297e-005","20.96973103204448563","0","20.96973103204448563","217593.11304504401051","0","217593.11304504401051","10376.533333333332848","0","10376.533333333332848","99.778538813104560745","0.39942344822941877602"
"10/09/2022 19:30:52.817","0","0","0.32213102152425537872","0","0.0032213102152425540474","0","0","0","0","0","0.32213102152425537872","0.0032213102152425540474","0","0","0.32213102152425537872","0.0032213102152425540474","5.7490035587188618733e-005","0","5.7490035587188618733e-005","56.032521035924460762","0","56.032521035924460762","1747046.9465586140286","0","1747046.9465586140286","31179.160142348755471","0","31179.160142348755471","99.505753500485653262","1.1964239367101308087"
"10/09/2022 19:30:57.807","4924.9495285857792624","0.40079341866746248657","0.51290207985438618365","12288","0.0051290207985438618712","0.0001119499999999999971","0","4924.9495285857792624","0.40079341866746248657","0","0.51290207985438618365","0.0051290207985438618712","0.0044869062396713736002","4.4869062396713731936e-005","0.5084151736147147771","0.005084151736147147875","8.5599331103678930315e-005","0.0001119499999999999971","8.542188552188552191e-005","59.918616090785640438","0.40079341866746248657","59.517822672118178673","4540803.4653560882434","4924.9495285857792624","4535878.515827502124","75782.849498327763285","12288","76210.424242424240219","99.259716581831938242","1.2023802560023875152"
"10/09/2022 19:31:02.796","3283.8196241814348468","0.20042844385873015423","0.22334671240951003979","16384","0.0022334671240951003458","0.00011929999999999999958","0","3283.8196241814348468","0.20042844385873015423","0","0.22334671240951003979","0.0022334671240951003458","0.0023911250417695270945","2.3911250417695272707e-005","0.22095558736774054132","0.0022095558736774053611","4.3699607843137249592e-005","0.00011929999999999999958","4.3401968503937008467e-005","51.109253183976193213","0.20042844385873015423","50.908824740117459839","2132840.8459058422595","3283.8196241814348468","2129557.0262816604227","41731.011764705879614","16384","41830.803149606297666","99.348812270267600866","2.0042844385873017643"
"10/09/2022 19:31:07.804","2453.9521510484237297","0.59910941187705657462","0.53316641973180467495","4096","0.0053316641973180462985","0.00010963333333333334641","0","2453.9521510484237297","0.59910941187705657462","0","0.53316641973180467495","0.0053316641973180462985","0.0065681990647196066696","6.5681990647196067238e-005","0.52659822066708494859","0.0052659822066708494859","5.5047628865979381443e-005","0.00010963333333333334641","5.4707883817427382521e-005","96.856021586790816968","0.59910941187705657462","96.256912174913750846","1993427.1307016694918","2453.9521510484237297","1990973.178550621029","20581.344329896906856","4096","20683.950207468878943","99.086201551768482432","4.9925784323088047145"
"10/09/2022 19:31:12.796","0","0","1.275523678675099859","0","0.012755236786750999076","0","0","0","0","0","1.275523678675099859","0.012755236786750999076","0","0","1.275523678675099859","0.012755236786750999076","0.00010998117443868740174","0","0.00010998117443868740174","115.97561956118910587","0","115.97561956118910587","4283529.6632985398173","0","4283529.6632985398173","36934.742659758201626","0","36934.742659758201626","98.455578989672815737","1.2018198918257938512"
"10/09/2022 19:31:17.803","0","0","1.4818610849562230403","0","0.01481861084956223075","0","0","0","0","0","1.4818610849562230403","0.01481861084956223075","0","0","1.4818610849562230403","0.01481861084956223075","0.00014837560000000000289","0","0.00014837560000000000289","99.873065328889580883","0","99.873065328889580883","4046620.1077079069801","0","4046620.1077079069801","40517.631999999997788","0","40517.631999999997788","98.605253518116242617","1.5979690452622332675"
"10/09/2022 19:31:22.813","4905.1469993278178663","0.39918188471092264091","0.41000448874331352211","12288","0.0041000448874331353946","0.00012784999999999999056","0","4905.1469993278178663","0.39918188471092264091","0","0.41000448874331352211","0.0041000448874331353946","0.0051034756125917131453","5.1034756125917133892e-005","0.40490101313072179856","0.0040490101313072181591","6.2629573170731715238e-005","0.00012784999999999999056","6.2229447852760739319e-005","65.465829092591320659","0.39918188471092264091","65.066647207880393466","4050016.3724450012669","4905.1469993278178663","4045111.225445673801","61864.585365853658004","12288","62168.736196319019655","99.214016854442760973","1.5967275388436905637"
"10/09/2022 19:31:27.800","0","0","0.15907196344563134804","0","0.0015907196344563134284","0","0","0","0","0","0.15907196344563134804","0.0015907196344563134284","0","0","0.15907196344563134804","0.0015907196344563134284","5.9647368421052630947e-005","0","5.9647368421052630947e-005","26.668376650998091293","0","26.668376650998091293","2155927.7124175298959","0","2155927.7124175298959","80842.105263157893205","0","80842.105263157893205","99.693054935039683073","1.8046269914209236429"
"10/09/2022 19:31:32.808","0","0","0.050232186346776341868","0","0.00050232186346776345337","0","0","0","0","0","0.050232186346776341868","0.00050232186346776345337","0","0","0.050232186346776341868","0.00050232186346776345337","3.2255128205128210577e-005","0","3.2255128205128210577e-005","15.573429237971343042","0","15.573429237971343042","343477.9716239341069","0","343477.9716239341069","22055.384615384617064","0","22055.384615384617064","99.862514871344686185","0.39931869840952161077"
"10/09/2022 19:31:37.801","0","0","0.13787074808145147187","0","0.0013787074808145147881","0","0","0","0","0","0.13787074808145147187","0.0013787074808145147881","0","0","0.13787074808145147187","0.0013787074808145147881","3.6810160427807487595e-005","0","3.6810160427807487595e-005","37.454374012929534388","0","37.454374012929534388","1082095.7216429379769","0","1082095.7216429379769","28891.037433155081089","0","28891.037433155081089","99.622624518656635928","1.201744620735706981"
"10/09/2022 19:31:42.811","0","0","0.80983215389098595072","0","0.0080983215389098597847","0","1","0","0","1","0.80983215389098595072","0.0080983215389098597847","0","0","0.80983215389098595072","0.0080983215389098597847","0.00020592994923857867694","0","0.00020592994923857867694","39.325374596151362994","0","39.325374596151362994","1926379.6249684749637","0","1926379.6249684749637","48985.664974619292479","0","48985.664974619292479","99.28882722597244026","0.79848476337363172295"
"10/09/2022 19:31:47.799","4926.3969119573730495","0.60136681054167151483","0.54748667049373922477","8192","0.0054748667049373924212","0.00010923333333333333668","0","4926.3969119573730495","0.60136681054167151483","0","0.54748667049373922477","0.0054748667049373924212","0.0065688858836787222123","6.5688858836787222123e-005","0.54091778461006057022","0.0054091778461006056328","5.9895394736842105311e-005","0.00010923333333333333668","5.9568653421633555815e-005","91.407755202334072919","0.60136681054167151483","90.806388391792395964","2481261.911322530359","4926.3969119573730495","2476335.5144105730578","27144.982456140351132","8192","27270.498896247241646","99.190032516486255076","0.80182241405556209379"
"10/09/2022 19:31:52.806","0","0","0.41609929606428402993","0","0.0041609929606428400911","0","0","0","0","0","0.41609929606428402993","0.0041609929606428400911","0","0","0.41609929606428402993","0.0041609929606428400911","7.133938356164384756e-005","0","7.133938356164384756e-005","58.326965307121035664","0","58.326965307121035664","3256338.5431298348121","0","3256338.5431298348121","55829.041095890410361","0","55829.041095890410361","99.540714953874939397","0.39949976237754136754"
"10/09/2022 19:31:57.794","0","0","0.61821481868944738736","0","0.0061821481868944740123","0","0","0","0","0","0.61821481868944738736","0.0061821481868944740123","0","0","0.61821481868944738736","0.0061821481868944740123","0.00012385582329317267589","0","0.00012385582329317267589","49.914051611369920636","0","49.914051611369920636","2582284.4166005556472","0","2582284.4166005556472","51734.618473895585339","0","51734.618473895585339","99.204874884671440327","0.80183215439951682768"
"10/09/2022 19:32:02.808","0","0","0.066338923690353227003","0","0.00066338923690353228738","0","0","0","0","0","0.066338923690353227003","0.00066338923690353228738","0","0","0.066338923690353227003","0.00066338923690353228738","4.0563414634146344217e-005","0","4.0563414634146344217e-005","16.354409466905483583","0","16.354409466905483583","403559.81245321664028","0","403559.81245321664028","24675.902439024390333","0","24675.902439024390333","99.785366796588874649","1.1966641073345476443"
"10/09/2022 19:32:07.797","0","0","0.2590389105187838048","0","0.0025903891051878378399","0","0","0","0","0","0.2590389105187838048","0.0025903891051878378399","0","0","0.2590389105187838048","0.0025903891051878378399","4.8950757575757575853e-005","0","4.8950757575757575853e-005","52.918338104402593558","0","52.918338104402593558","1272605.8521107241977","0","1272605.8521107241977","24048.484848484848044","0","24048.484848484848044","99.356393642768608743","5.6125510110730019164"
"10/09/2022 19:32:12.798","409.4891103489175066","0.19994585466255737627","0.2117406255915952884","2048","0.0021174062559159529881","0.00043330000000000001544","0","409.4891103489175066","0.19994585466255737627","0","0.2117406255915952884","0.0021174062559159529881","0.0086637342602162679961","8.6637342602162681045e-005","0.20307689133137901694","0.0020307689133137901173","4.1045736434108530031e-005","0.00043330000000000001544","3.9519455252918288626e-005","51.586030502939806297","0.19994585466255737627","51.386084648277247311","1366977.0226222737692","409.4891103489175066","1366567.533511925023","26498.976744186045835","2048","26594.116731517508015","99.394190431318392598","0.79978341865022950508"
"10/09/2022 19:32:17.809","0","0","0.65200970364726595907","0","0.0065200970364726598336","0","0","0","0","0","0.65200970364726595907","0.0065200970364726598336","0","0","0.65200970364726595907","0.0065200970364726598336","0.0001183673913043478248","0","0.0001183673913043478248","55.083950235323221989","0","55.083950235323221989","4994789.0782656911761","0","4994789.0782656911761","90675.942028985504294","0","90675.942028985504294","99.050614924099647851","2.3949543580575314294"
"10/09/2022 19:32:22.796","0","0","0.11993577838211885722","0","0.0011993577838211885809","0","0","0","0","0","0.11993577838211885722","0.0011993577838211885809","0","0","0.11993577838211885722","0.0011993577838211885809","5.2009565217391299141e-005","0","5.2009565217391299141e-005","23.060329049238873722","0","23.060329049238873722","442706.98344767675735","0","442706.98344767675735","19197.773913043478387","0","19197.773913043478387","99.723512648260637548","1.2031476025689846754"
"10/09/2022 19:32:27.801","0","0","0.40487083709848137314","0","0.0040487083709848138702","0","0","0","0","0","0.40487083709848137314","0.0040487083709848138702","0","0","0.40487083709848137314","0.0040487083709848138702","8.3393827160493832541e-005","0","8.3393827160493832541e-005","48.54865979226967454","0","48.54865979226967454","2220141.8000464509241","0","2220141.8000464509241","45730.238683127572585","0","45730.238683127572585","99.553896258708320488","0.59936617027493432897"
"10/09/2022 19:32:32.803","0","0","1.782297487991649998","0","0.017822974879916499147","0","0","0","0","0","1.782297487991649998","0.017822974879916499147","0","0","1.782297487991649998","0.017822974879916499147","0.00026531339285714285268","0","0.00026531339285714285268","67.176673571868903423","0","67.176673571868903423","5947784.291382660158","0","5947784.291382660158","88539.428571428565192","0","88539.428571428565192","98.310902691603033077","1.1995834566405161326"
"10/09/2022 19:32:37.810","0","0","0.78076494025941323152","0","0.0078076494025941323499","0","0","0","0","0","0.78076494025941323152","0.0078076494025941323499","0","0","0.78076494025941323152","0.0078076494025941323499","5.1439210526315788121e-005","0","5.1439210526315788121e-005","151.78534516486786288","0","151.78534516486786288","2870513.3200627672486","0","2870513.3200627672486","18911.663157894738106","0","18911.663157894738106","99.032950150617665486","1.5977404754196615766"
"10/09/2022 19:32:42.807","9835.8531937276657118","0.40022189102081973111","0.70280894251399372852","24576","0.007028089425139937528","0.00048109999999999998469","0","9835.8531937276657118","0.40022189102081973111","0","0.70280894251399372852","0.007028089425139937528","0.019254546099989885283","0.00019254546099989886584","0.68355439641400395079","0.0068355439641400389875","5.1346783625730994967e-005","0.00048109999999999998469","5.0086510263929621479e-005","136.87588672912033871","0.40022189102081973111","136.47566483809953297","3553201.9662341191433","9835.8531937276657118","3543366.1130403913558","25959.298245614034386","24576","25963.354838709678006","98.954529374829178323","2.2012204006145084101"
"10/09/2022 19:32:47.807","27031.540737226638157","0.99992382580295036121","0.26108201678243547761","27033.599999999998545","0.0026108201678243549149","0.00039006000000000001608","0","27031.540737226638157","0.99992382580295036121","0","0.26108201678243547761","0.0026108201678243549149","0.039003014709254150982","0.00039003014709254152067","0.22207900207318131969","0.0022207900207318132316","4.7646350364963506755e-005","0.00039006000000000001608","4.1281784386617100717e-005","54.795825654001681926","0.99992382580295036121","53.795901828198729788","771627.61740810587071","27031.540737226638157","744596.07667087926529","14081.86861313868576","27033.599999999998545","13841.130111524164022","99.174195207098847504","1.1999085909635405223"
"10/09/2022 19:32:52.802","0","0","0.40490810909769009429","0","0.0040490810909769008735","0","0","0","0","0","0.40490810909769009429","0.0040490810909769008735","0","0","0.40490810909769009429","0.0040490810909769008735","5.0434164588528677042e-005","0","5.0434164588528677042e-005","80.284542834986950766","0","80.284542834986950766","1677850.0432095013093","0","1677850.0432095013093","20898.793017456358939","0","20898.793017456358939","99.255216219340582029","2.4025299601492355883"
"10/09/2022 19:32:57.806","6650.3918575543621046","0.39966297220879576368","1.3695110050872891794","16640","0.013695110050872890892","0.00023800000000000001168","0","6650.3918575543621046","0.39966297220879576368","0","1.3695110050872891794","0.013695110050872890892","0.0095120889858322631855","9.5120889858322631855e-005","1.359998916101456734","0.013599989161014567826","0.00013179326923076921971","0.00023800000000000001168","0.00013138320463320464016","103.91237277428690788","0.39966297220879576368","103.51270980207810624","4515002.1889540990815","6650.3918575543621046","4508351.7970965448767","43450.092307692306349","16640","43553.606177606176061","98.888174682879750321","1.3988204027307853394"
"10/09/2022 19:33:02.803","13116.278038355907483","0.60041555961712222977","1.3904185911962276823","21845.333333333332121","0.013904185911962277725","0.00010096666666666666333","0","13116.278038355907483","0.60041555961712222977","0","1.3904185911962276823","0.013904185911962277725","0.0060622143301580387262","6.0622143301580389972e-005","1.3843563768660698265","0.013843563768660697294","4.8011472011057353842e-005","0.00010096666666666666333","4.790145429362881234e-005","289.60043825532528672","0.60041555961712222977","289.00002269570819635","4230819.4347471771762","13116.278038355907483","4217703.1567088216543","14609.16102280580526","21845.333333333332121","14594.127423822714263","98.072219845792403703","4.8033244769369778382"
"10/09/2022 19:33:07.791","6980.2401622841680364","0.4009788696165078048","1.1386349216220883473","17408","0.011386349216220883682","0.00025095000000000000119","0","6980.2401622841680364","0.4009788696165078048","0","1.1386349216220883473","0.011386349216220883682","0.010062522972234715438","0.00010062522972234714896","1.128572398649853703","0.011285723986498536614","6.9856088560885611278e-005","0.00025095000000000000119","6.9409494451294699276e-005","162.99791049911041796","0.4009788696165078048","162.59693162949392331","5116208.0871824296191","6980.2401622841680364","5109227.8470201455057","31388.182041820418817","17408","31422.658446362514951","98.065986693531343121","7.2176196530971408194"
"10/09/2022 19:33:12.801","0","0","0.23547271610784739626","0","0.0023547271610784739453","0","0","0","0","0","0.23547271610784739626","0.0023547271610784739453","0","0","0.23547271610784739626","0.0023547271610784739453","3.8556862745098040627e-005","0","3.8556862745098040627e-005","61.071570152264001763","0","61.071570152264001763","1645589.0250157334376","0","1645589.0250157334376","26945.254901960783172","0","26945.254901960783172","99.45800800428411037","1.5966423569219345691"
"10/09/2022 19:33:17.813","0","0","0.36845734548766007066","0","0.0036845734548766008107","0","0","0","0","0","0.36845734548766007066","0.0036845734548766008107","0","0","0.36845734548766007066","0.0036845734548766008107","6.9159176029962544864e-005","0","6.9159176029962544864e-005","53.27697600363097763","0","53.27697600363097763","1738424.1352922313381","0","1738424.1352922313381","32629.932584269663494","0","32629.932584269663494","99.52606474305679285","1.995392359686553263"
"10/09/2022 19:33:22.803","11490.390213403181406","0.80150601376975316725","0.72889103513639830201","14336","0.0072889103513639830548","0.00010507500000000000618","0","11490.390213403181406","0.80150601376975316725","0","0.72889103513639830201","0.0072889103513639830548","0.0084217950766662871831","8.4217950766662878878e-005","0.72046924005973200789","0.0072046924005973204605","5.2566763005780340907e-005","0.00010507500000000000618","5.22614825581395315e-005","138.66054038216728372","0.80150601376975316725","137.85903436839754477","2454839.7948777796701","11490.390213403181406","2443349.4046643762849","17703.953757225433947","14336","17723.534883720931248","99.109888596061907151","1.2022590206546297509"
"10/09/2022 19:33:27.791","20532.390035767464724","1.2030697286582499039","1.2932302387265990351","17066.666666666667879","0.012932302387265989796","0.00013154999999999999918","0","20532.390035767464724","1.2030697286582499039","0","1.2932302387265990351","0.012932302387265989796","0.015826559674070320854","0.00015826559674070320096","1.2774036790525287177","0.012774036790525286622","0.00014206123348017621311","0.00013154999999999999918","0.00014220200892857141526","91.032276135140904216","1.2030697286582499039","89.829206406482654756","4643605.3304891698062","20532.390035767464724","4623072.940453402698","51010.537444933921506","17066.666666666667879","51465.142857142855064","98.934340971668561338","1.6040929715443332793"
"10/09/2022 19:33:32.805","0","0","9.7983769549368791019","0","0.097983769549368784912","0","0","0","0","0","9.7983769549368791019","0.097983769549368784912","0","0","9.7983769549368791019","0.097983769549368784912","0.0011167386363636364142","0","0.0011167386363636364142","87.741544995399749496","0","87.741544995399749496","4209756.3732367381454","0","4209756.3732367381454","47979.054545454542676","0","47979.054545454542676","92.423813538720139604","0.39882520452454428561"
"10/09/2022 19:33:37.805","6553.9992696355056978","0.20001218474229448541","18.565531585351831012","32768","0.18565531585351829902","0.00017389999999999999859","0","6553.9992696355056978","0.20001218474229448541","0","18.565531585351831012","0.18565531585351829902","0.0034781940136620818731","3.4781940136620819815e-005","18.562053391338167785","0.18562053391338168007","0.0056946306748466256342","0.00017389999999999999859","0.005728709259259259258","32.601986112994005396","0.20001218474229448541","32.401973928251706525","3412995.1196626895107","6553.9992696355056978","3406441.1203930540942","104686.72392638036399","32768","105130.66666666667152","85.314830861265448902","1.2000731084537670235"
"10/09/2022 19:33:42.800","1640.1254447704072845","0.40042125116465021595","21.256418328944583607","4096","0.2125641832894458183","0.0021408999999999998344","1","1640.1254447704072845","0.40042125116465021595","1","21.256418328944583607","0.2125641832894458183","0.085725540326871407792","0.00085725540326871412129","21.170692788617710534","0.21170692788617712088","0.0019233891304347825076","0.0021408999999999998344","0.001922598181818181793","110.51626532144346982","0.40042125116465021595","110.11584407027881127","4065050.9148634546436","1640.1254447704072845","4063410.7894186843187","36782.376811594200262","4096","36901.23636363636615","82.624647444255529649","0.8008425023293004319"
"10/09/2022 19:33:47.793","7177.4772845560737551","0.60079329948851067922","45.637250510842555684","11946.66666666666606","0.4563725051084255302","0.004450333333333333051","1","7177.4772845560737551","0.60079329948851067922","1","45.637250510842555684","0.4563725051084255302","0.26737462966631164729","0.0026737462966631162301","45.369875881176241705","0.45369875881176241483","0.0046223853955375251643","0.004450333333333333051","0.0046234387755102043446","98.730365549278587878","0.60079329948851067922","98.129572249790072647","5377468.5169791895896","7177.4772845560737551","5370291.0396946342662","54466.20689655172464","11946.66666666666606","54726.530612244896474","71.789074721365935261","0.80105773265134749828"
"10/09/2022 19:33:52.804","817.40341269117777756","0.1995613800515570746","29.789446035461235596","4096","0.29789446035461236706","0.00011239999999999999449","0","817.40341269117777756","0.1995613800515570746","0","29.789446035461235596","0.29789446035461236706","0.0022430735823525506725","2.2430735823525507132e-005","29.787202961878882945","0.29787202961878883611","0.006352100425531915541","0.00011239999999999999449","0.006378765811965812077","46.896924312115913835","0.1995613800515570746","46.697362932064358176","3648888.834253417328","817.40341269117777756","3648071.4308407264762","77806.570212765960605","4096","78121.572649572655791","80.383563187841815534","1.3969296603608996055"
"10/09/2022 19:33:57.800","0","0","5.5704504640692569239","0","0.05570450464069257035","0","3","0","0","3","5.5704504640692569239","0.05570450464069257035","0","0","5.5704504640692569239","0.05570450464069257035","0.0016865775757575758153","0","0.0016865775757575758153","33.027807432189455028","0","33.027807432189455028","916637.35365353501402","0","916637.35365353501402","27753.503030303028936","0","27753.503030303028936","88.909105663475699544","0.80067411956822920338"
"10/09/2022 19:34:02.801","0","0","28.588957548397281982","0","0.28588957548397281316","0","0","0","0","0","28.588957548397281982","0.28588957548397281316","0","0","28.588957548397281982","0.28588957548397281316","0.0043322660606060605162","0","0.0043322660606060605162","65.991432992168952865","0","65.991432992168952865","2765260.2139190286398","0","2765260.2139190286398","41903.321212121212739","0","41903.321212121212739","78.568219448827889551","0.79989615748083575664"
"10/09/2022 19:34:07.800","38200.721532290277537","1.4002023852527643033","56.266223769303870483","27282.285714285713766","0.56266223769303869151","0.0035599714285714282279","0","38200.721532290277537","1.4002023852527643033","0","56.266223769303870483","0.56266223769303869151","0.49846956413827547827","0.0049846956413827549909","55.767754205165601888","0.55767754205165598336","0.0044297574803149599929","0.0035599714285714282279","0.0044394525477707011754","127.01835923364362202","1.4002023852527643033","125.61815684839086771","6379520.4958924762905","38200.721532290277537","6341319.7743601854891","50225.184251968501485","27282.285714285713766","50480.917197452232358","76.066305865419607812","7.8011275749796871182"
"10/09/2022 19:34:12.793","47576.393226836509712","2.4031718022715100602","2.2039288882092398225","19797.333333333332121","0.022039288882092399752","0.00063219999999999997118","0","47576.393226836509712","2.4031718022715100602","0","2.2039288882092398225","0.022039288882092399752","0.15192769680323212067","0.001519276968032321146","2.0520011914060076741","0.020520011914060078823","0.00043498656126482210683","0.00063219999999999997118","0.00042516680497925316484","50.666872164557673841","2.4031718022715100602","48.263700362286158452","8998705.6516672968864","47576.393226836509712","8951129.2584404610097","177605.31225296441698","19797.333333333332121","185462.9709543568606","98.341866516186200897","1.2015859011357550301"
"10/09/2022 19:34:17.802","20853.364359953571693","0.99826537415525284924","0.66243927786366130217","20889.599999999998545","0.0066243927786366132993","0.000677460000000000063","0","20853.364359953571693","0.99826537415525284924","0","0.66243927786366130217","0.0066243927786366132993","0.067628930263977232729","0.00067628930263977234897","0.5948103475996840972","0.005948103475996840625","0.00019290290697674420057","0.000677460000000000063","0.00017839520958083830899","34.340328870940702188","0.99826537415525284924","33.342063496785449672","5363096.8683576667681","20853.364359953571693","5342243.5039977133274","156174.88372093022917","20889.599999999998545","160225.34131736526615","99.236276051977469592","0"
"10/09/2022 19:34:22.818","0","0","0.10828486373953606636","0","0.0010828486373953606376","0","0","0","0","0","0.10828486373953606636","0.0010828486373953606376","0","0","0.10828486373953606636","0.0010828486373953606376","6.2426436781609200835e-005","0","6.2426436781609200835e-005","17.34617447368466614","0","17.34617447368466614","804415.88143160007894","0","804415.88143160007894","46374.252873563214962","0","46374.252873563214962","99.715138892270033466","2.9907197368421840622"
"10/09/2022 19:34:27.805","1642.402106909991744","0.40097707688232220313","0.25525953267083634213","4096","0.0025525953267083634386","0.00010505000000000000557","0","1642.402106909991744","0.40097707688232220313","0","0.25525953267083634213","0.0025525953267083634386","0.0042122895281219248018","4.2122895281219243952e-005","0.25104724314271442687","0.0025104724314271441472","8.214064516129032721e-005","0.00010505000000000000557","8.1841176470588241948e-005","31.075723458379968633","0.40097707688232220313","30.674746381497648429","1692495.3711707463954","1642.402106909991744","1690852.9690638363827","54463.587096774193924","4096","55121.986928104575782","99.459056615958061798","3.2078166150585776251"
"10/09/2022 19:34:32.801","0","0","0.14152536051581174337","0","0.0014152536051581174077","0","0","0","0","0","0.14152536051581174337","0.0014152536051581174077","0","0","0.14152536051581174337","0.0014152536051581174077","6.6070093457943921485e-005","0","6.6070093457943921485e-005","21.420224976422737484","0","21.420224976422737484","1138944.1911052416544","0","1138944.1911052416544","53171.439252336451318","0","53171.439252336451318","99.636864682857279263","1.6015121477699243435"
"10/09/2022 19:34:37.815","1837.8117564674480491","0.59824601447508074514","0.81134262857423622428","3072","0.0081134262857423620346","0.0033002333333333332306","0","1837.8117564674480491","0.59824601447508074514","0","0.81134262857423622428","0.0081134262857423620346","0.19743062803167943375","0.0019743062803167944069","0.61391200054255690155","0.0061391200054255684951","0.00032549599999999998846","0.0033002333333333332306","0.0002523467213114754192","24.92691726979503386","0.59824601447508074514","24.328671255319950006","5078078.0844258330762","1837.8117564674480491","5076240.2726693656296","203718.65599999998813","3072","208652.59016393442289","99.135799556753710249","0.39883067631672053377"
"10/09/2022 19:34:42.807","7077.1435288098418823","0.40065350593352816455","0.37399004677800384844","17664","0.0037399004677800386579","0.00038089999999999998859","0","7077.1435288098418823","0.40065350593352816455","0","0.37399004677800384844","0.0037399004677800386579","0.015261056823978153343","0.00015261056823978152693","0.35872898995402568989","0.0035872898995402569683","0.00012614054054054053204","0.00038089999999999998859","0.00012265068493150685608","29.648359439081083622","0.40065350593352816455","29.247705933147557289","2540899.6614377712831","7077.1435288098418823","2533822.5179089615121","85701.189189189186436","17664","86633.205479452051804","99.301851724309102565","2.0032675296676409893"
"10/09/2022 19:34:47.795","0","0","0.43725590117247625788","0","0.0043725590117247624747","0","0","0","0","0","0.43725590117247625788","0.0043725590117247624747","0","0","0.43725590117247625788","0.0043725590117247624747","0.00010691862745098039585","0","0.00010691862745098039585","40.895806606136197558","0","40.895806606136197558","2524955.2125765029341","0","2524955.2125765029341","61741.176470588237862","0","61741.176470588237862","99.282040220149525567","0.80187856090463127678"
"10/09/2022 19:34:52.808","14095.267779565621822","0.79796579368011899547","0.5955474084666885215","17664","0.0059554740846668851456","0.0010008499999999999602","0","14095.267779565621822","0.79796579368011899547","0","0.5955474084666885215","0.0059554740846668851456","0.079863015597864961403","0.00079863015597864963572","0.51568439286882361561","0.005156843928688236052","0.00020308707482993198015","0.0010008499999999999602","0.00018077202797202795645","29.325242917744372306","0.79796579368011899547","28.527277124064251979","5621049.7950205421075","14095.267779565621822","5606954.5272409766912","191679.56462585032568","17664","196547.13286713286652","99.31078899787914338","0"
"10/09/2022 19:34:57.796","2463.3522724254312379","0.80187248451348680511","0.75944810078134539211","3072","0.0075944810078134540252","0.00038299999999999998542","0","2463.3522724254312379","0.80187248451348680511","0","0.75944810078134539211","0.0075944810078134540252","0.030711987054937550656","0.00030711987054937549138","0.72873611372640789696","0.007287361137264078588","0.00017064594594594592624","0.00038299999999999998542","0.00016674954128440366385","44.50392289049851513","0.80187248451348680511","43.702050405985026771","5570768.5244120955467","2463.3522724254312379","5568305.1721396697685","125174.77477477477805","3072","127415.19266055045591","99.259333923155850243","3.608426180310690512"
"10/09/2022 19:35:02.809","7660.6623432601563763","0.59848924556719973467","0.46136266481341964285","12800","0.0046136266481341964979","0.00033339999999999997242","0","7660.6623432601563763","0.59848924556719973467","0","0.46136266481341964285","0.0046136266481341964979","0.019953686380717296223","0.00019953686380717294813","0.44140897843270238132","0.0044140897843270238479","0.00013524152046783625698","0.00033339999999999997242","0.00013170297619047619886","34.113886997330382655","0.59848924556719973467","33.515397751763181589","5476760.7224435508251","7660.6623432601563763","5469100.0601002909243","160543.43859649123624","12800","163181.71428571428987","99.333967414485030645","0.79798566075626620187"
"10/09/2022 19:35:07.808","0","0","0.24148230076324897486","0","0.0024148230076324896619","0","0","0","0","0","0.24148230076324897486","0.0024148230076324896619","0","0","0.24148230076324897486","0.0024148230076324896619","3.7842006269592478522e-005","0","3.7842006269592478522e-005","63.81371484359418389","0","63.81371484359418389","1305266.1277961859014","0","1305266.1277961859014","20454.319749216301716","0","20454.319749216301716","99.325027403208082433","7.0015047634037506086"
"10/09/2022 19:35:12.806","3277.9474127123457947","0.20007003251418126188","0.54293440023828976049","16384","0.005429344002382897709","0.00043159999999999997412","0","3277.9474127123457947","0.20007003251418126188","0","0.54293440023828976049","0.005429344002382897709","0.0086349645560313773723","8.6349645560313765592e-005","0.53429943568225846118","0.0053429943568225847159","0.00014993038674033148721","0.00043159999999999997412","0.00014836555555555554545","36.212675885066808235","0.20007003251418126188","36.012605852552624697","3332033.5450220997445","3277.9474127123457947","3328755.597609387245","92012.906077348059625","16384","92433.066666666665697","99.371012055859026191","2.0007003251418127299"
"10/09/2022 19:35:17.794","0","0","0.60645005251757844178","0","0.0060645005251757843831","0","0","0","0","0","0.60645005251757844178","0.0060645005251757843831","0","0","0.60645005251757844178","0.0060645005251757843831","0.00010357808219178082346","0","0.00010357808219178082346","58.549577777339322893","0","58.549577777339322893","5509062.913205624558","0","5509062.913205624558","94092.273972602735739","0","94092.273972602735739","99.426313906437798096","0.40102450532424194218"
"10/09/2022 19:35:22.808","0","0","0.59293452481714592484","0","0.0059293452481714590055","0","0","0","0","0","0.59293452481714592484","0.0059293452481714590055","0","0","0.59293452481714592484","0.0059293452481714590055","8.3748450704225350016e-005","0","8.3748450704225350016e-005","70.799613023275696833","0","70.799613023275696833","5300785.7739924378693","0","5300785.7739924378693","74870.264788732398301","0","74870.264788732398301","99.287649717926967696","0"
