"(PDH-CSV 4.0) (","\\DESKTOP-5GTCQEM\Network Interface(Realtek PCIe GbE Family Controller)\Bytes Sent/sec","\\DESKTOP-5GTCQEM\Network Interface(Realtek 8822BU Wireless LAN 802.11ac USB NIC)\Bytes Sent/sec","\\DESKTOP-5GTCQEM\Network Interface(Realtek PCIe GbE Family Controller)\Bytes Received/sec","\\DESKTOP-5GTCQEM\Network Interface(Realtek 8822BU Wireless LAN 802.11ac USB NIC)\Bytes Received/sec","\\DESKTOP-5GTCQEM\Network Interface(Realtek PCIe GbE Family Controller)\Bytes Total/sec","\\DESKTOP-5GTCQEM\Network Interface(Realtek 8822BU Wireless LAN 802.11ac USB NIC)\Bytes Total/sec","\\DESKTOP-5GTCQEM\Processor(0)\DPCs Queued/sec","\\DESKTOP-5GTCQEM\Processor(1)\DPCs Queued/sec","\\DESKTOP-5GTCQEM\Processor(2)\DPCs Queued/sec","\\DESKTOP-5GTCQEM\Processor(3)\DPCs Queued/sec","\\DESKTOP-5GTCQEM\Processor(4)\DPCs Queued/sec","\\DESKTOP-5GTCQEM\Processor(5)\DPCs Queued/sec","\\DESKTOP-5GTCQEM\Processor(6)\DPCs Queued/sec","\\DESKTOP-5GTCQEM\Processor(7)\DPCs Queued/sec","\\DESKTOP-5GTCQEM\Processor(8)\DPCs Queued/sec","\\DESKTOP-5GTCQEM\Processor(9)\DPCs Queued/sec","\\DESKTOP-5GTCQEM\Processor(10)\DPCs Queued/sec","\\DESKTOP-5GTCQEM\Processor(11)\DPCs Queued/sec","\\DESKTOP-5GTCQEM\Processor(_Total)\DPCs Queued/sec","\\DESKTOP-5GTCQEM\Processor(0)\% DPC Time","\\DESKTOP-5GTCQEM\Processor(1)\% DPC Time","\\DESKTOP-5GTCQEM\Processor(2)\% DPC Time","\\DESKTOP-5GTCQEM\Processor(3)\% DPC Time","\\DESKTOP-5GTCQEM\Processor(4)\% DPC Time","\\DESKTOP-5GTCQEM\Processor(5)\% DPC Time","\\DESKTOP-5GTCQEM\Processor(6)\% DPC Time","\\DESKTOP-5GTCQEM\Processor(7)\% DPC Time","\\DESKTOP-5GTCQEM\Processor(8)\% DPC Time","\\DESKTOP-5GTCQEM\Processor(9)\% DPC Time","\\DESKTOP-5GTCQEM\Processor(10)\% DPC Time","\\DESKTOP-5GTCQEM\Processor(11)\% DPC Time","\\DESKTOP-5GTCQEM\Processor(_Total)\% DPC Time","\\DESKTOP-5GTCQEM\TCPv4\Segments Received/sec","\\DESKTOP-5GTCQEM\TCPv4\Segments Sent/sec","\\DESKTOP-5GTCQEM\TCPv4\Segments/sec","\\DESKTOP-5GTCQEM\TCPv4\Segments Retransmitted/sec","\\DESKTOP-5GTCQEM\TCPv4\Connection Failures","\\DESKTOP-5GTCQEM\TCPv4\Connections Reset","\\DESKTOP-5GTCQEM\TCPv4\Connections Established"
"10/09/2022 19:05:29.084","196156.83138509304263","0","9013806.2422089986503","0","9209963.0735940914601","0","9172.801467648236212","2116.8003386880541257","2116.8003386880541257","0","2352.0003763200602407","0","6115.2009784321571715","470.40007526401205951","470.40007526401205951","235.20003763200602975","0","235.20003763200602975","23284.803725568595837","0","0","0","0","0","0","0","0","0","0","0","0","0","26342.404214784677606","24460.803913728628686","50803.208128513302654","0","1440","3066","180"
"10/09/2022 19:05:34.072","37576.36957205212093","0","1649767.2008889585268","0","1687343.5704610107932","0","2120.1100588726994829","102.24644255556282246","313.55575717039266692","40.898577022225126143","315.36010615666725698","38.091811932464580082","353.4519180891318797","14.635275110894285788","37.089395828978666714","27.466201235513931778","19.045905966232290041","19.446872407626653256","3401.3983223483896836","3.4457657718488263754","0","0","0","0.6265028676088775228","0","0","0","0","0","0","0","0.33935605408967139951","4485.4110966580528839","3992.8238234050768369","8478.2349200631288113","0","1440","3066","159"
"10/09/2022 19:05:39.078","153.22259275320664074","0","295.05836961732228474","0","448.28096237052892548","0","1028.60903531455142","17.180108183540770739","78.708867724593758908","29.565767571674815173","72.715806730335359021","39.753971261914109903","13.78404028679433857","8.1905166921531584734","15.38218988526324793","8.1905166921531584734","11.986121988516815762","13.584271586985725122","1337.651213918476742","1.8728327579325205754","0","0","0","0","0","0","0","0","0","0","0","0.15606939649437670536","12.18589068832542921","7.5912105927273172412","19.777101281052747339","0","1440","3066","156"
"10/09/2022 19:05:44.087","15381.213002307958959","0","658411.54994930129033","0","673792.76295160921291","0","1150.3965384124931006","58.897427773635101289","105.81571769500543212","40.130111805086961851","73.671697791428314872","41.527677887851190519","434.64305173967323981","15.972183803019687431","28.350626250359944436","17.569402183321656707","22.960014216840800572","26.553755572520230999","2016.4882051312356452","0.93586851912797452968","0","0","0","0","0","0.62391234608531642714","0","0","0","0","0","0.1299814060145229877","1773.7110113253363579","1571.2635816220617926","3344.9745929473979231","0","1440","3066","150"
"10/09/2022 19:05:49.084","125626.14079570479225","0","4136820.0101254214533","0","4262446.1509211258963","0","3776.9239391627911573","278.52713092363876513","338.15434717022236555","84.838723787085370986","672.10677641702773144","57.026028960658798894","1530.898763431580619","63.428951510627506138","127.85835966968762989","64.629499488746645852","101.6463954807532275","66.230230126238822663","7162.269146129058754","2.1884951087259376656","0.62528431677883933304","0.62528431677883933304","0","0.93792647516825899956","0","0.93792647516825899956","0","0","0","0","0","0.44290939090004222134","11272.545240549596201","10267.286400204508027","21539.831640754106047","0","1440","3074","172"
"10/09/2022 19:05:54.084","55829.262266291560081","0","2275668.2425330481492","0","2331497.5047993394546","0","2466.0204186490664142","131.00108468898122283","165.8013728353670615","55.200457059784454827","591.00489352051829428","33.800279866317289645","545.20451429337833815","17.000140761165500436","85.200705461841224064","18.80015566528890858","25.400210313741396817","23.600195409617988673","4158.0344285250675966","3.1250340628712853785","0.31250340628712852675","0.31250340628712852675","0","0.93751021886138552475","0","0.93751021886138552475","0","0","0","0","0","0.46875510943069276237","5956.8493227123917677","5314.8440069083771959","11271.693329620768054","0","1440","3074","176"
"10/09/2022 19:05:59.070","16514.502408486099739","0","371144.81530962255783","0","387659.3177181086503","0","977.69383983690249806","63.775721244745639638","353.37365041899943208","23.665204738616306912","61.569642836908528238","29.080124466943768624","31.887860622372819819","11.230944621716213661","38.305543263353513339","22.662441825963075104","24.667967651269542273","21.25857374824854773","1659.1715152760400542","0.62672088781702128824","0","0.31336044390851064412","0","0","0","0","0","0","0","0","0","0.078341113730548167515","1021.4143028285835726","975.88886659412673907","1997.303169422710198","0","1440","3074","182"
"10/09/2022 19:06:04.077","172049.39675781843835","0","5184828.5803745137528","0","5356877.9771323315799","0","4465.3239908539553653","226.90141588880359791","1304.4834041987467117","61.918520180923515284","994.09185464663335097","77.498018807091369808","1097.5557044973377288","32.756894547327277678","66.113000580276406026","57.724039781570631646","83.689870825183717784","31.558471576083597654","8499.6151863839331781","3.7451183131811345284","0","0.62418638553018912507","0","1.5604659638254727572","0","0.93627957829528363209","0","0","0","0","0","0.57217018760386206822","14037.128262177235229","12933.380705661804313","26970.508967839039542","0.19973716187394682797","1440","3074","200"
"10/09/2022 19:06:09.094","80926.661787560486118","0","3562814.3854931630194","0","3643741.0472807232291","0","3508.8260670413424123","179.60756086832461165","101.66465709527807348","68.97249285287493592","485.00021708394422149","57.211287424205508501","1267.2200493229072435","22.72504099776804054","41.861917627467441605","53.623123056136869025","27.708602620085592605","39.669150513647721823","5854.0901665039828004","3.4261844092751752022","0","0","0","0.31147130993410682143","0","0.31147130993410682143","0","0","0","0","0","0.33742758466467964729","9634.8193556589703803","8595.2484012435288605","18230.067756902499241","0","1440","3074","200"
"10/09/2022 19:06:14.084","5805.8984578273821171","0","233386.41865767358104","0","239192.31711550094769","0","871.77638092304039219","21.038041828756433915","148.86919122634313339","29.0525339539969778","132.43948236960002873","36.265576866713466586","49.289126570229356616","11.220288975336764281","23.242027163197583661","25.446012497638733407","18.43333188805325662","13.223912006646900252","1380.2959062695529155","0.31306833799943739605","0","0","0","0","0","0","0","0","0","0","0","0.026089362106180315898","640.95900771611263735","569.42966549834079615","1210.3886732144533198","0","1440","3074","199"
"10/09/2022 19:06:19.097","11979.257791544914653","0","505401.5087237493135","0","517380.76651529420633","0","1160.6794982465121393","22.94227265354913925","132.86568336751068387","28.528217299630668435","272.5142995195488993","37.705126361050325556","51.071493907031126014","19.351308238211014867","27.53072718425896781","23.341268699697820921","34.114161945712197621","19.550806261285355703","1830.1948636839983919","1.2468472967363104509","0","0","0","0","0","0","0","0","0","0","0","0.10390327640946760146","1388.5062405974088051","1227.3118379533418647","2615.8180785507506698","0","1440","3074","197"
"10/09/2022 19:06:24.094","104440.68585707560123","0","4406994.0544089544564","0","4511434.7402660306543","0","3794.3427790054693105","232.14333458050339232","1290.3967425647292657","43.2266898874040848","966.9970626663728126","59.03645146659354026","618.98218435991122988","57.835710080832313906","60.637439980941834961","60.637439980941834961","67.441641166922110529","62.238428495290136766","7313.9159042359124214","2.5015535648258993007","0","0.93808258680971223775","0","1.563470978016187285","0","0","0","0","0","0","0","0.41692492705669931263","11882.536753493077413","10578.731732120681045","22461.268485613760276","0.20012356429353742038","1440","3074","199"
"10/09/2022 19:06:29.080","73414.329818691723631","0","3311772.8633748693392","0","3385187.1931935609318","0","3100.5054752531968916","237.86787590725734276","659.65214490638231837","44.725578690824946193","858.41020985081070194","49.338530753107342264","530.28892402933263384","52.346977750248036898","44.525015557682237954","49.338530753107342264","70.397659733092183387","24.268139110268247549","5721.6650622953102356","1.5668884471494695099","0","0.62675537885978771513","0","0.31337768942989385756","0","0.62675537885978771513","0","0","0","0","0","0.26114941160305316092","8933.4830764427115355","7931.2691001285766106","16864.752176571288146","0","1440","3074","199"
"10/09/2022 19:06:34.088","5019.1166506444424158","0","186787.33365602744743","0","191806.4503066718753","0","999.15104108783032189","41.331787670899451825","178.10606088136384528","26.156831811052310144","65.491914763550823864","32.346616438095225021","29.950570776014096452","13.178251141446203576","28.552877473133438713","17.57100152192827025","20.36638812768958573","16.572649162727799421","1468.7759908557313793","0.31198812731926983677","0","0","0","0","0","0","0","0","0","0","0","0.025999343397274957135","532.3214779256906013","470.02429071158121587","1002.3457686372718172","0","1440","3074","187"
"10/09/2022 19:06:39.076","329.97578627255819583","0","479.32691675436615242","0","809.30270302692440509","0","1040.0451878384155862","17.841947131383765424","92.41727671424625612","22.252316085208967422","59.539980876640214547","25.058914510370460249","21.04948818871118732","10.0235658041481841","20.849016872628222785","9.0212092237333649791","11.025922384563001444","14.032992125807457029","1343.1578177558567404","0.62647287531824569218","0","0","0","0","0","0","0","0","0","0","0","0.052204736467719795034","17.441004499217839907","12.228750281060785099","29.66975478027862323","0","1440","3074","187"
"10/09/2022 19:06:44.080","42139.688733186376339","0","1906443.0797823667526","0","1948582.7685155533254","0","2028.5793453128906094","61.157170410418174811","241.63078113135810554","37.173966327901247553","905.16609408099327538","36.374526191817345477","315.77885375313962868","24.582784184579857367","27.780544728915447905","20.785443538181340273","59.958010206292328803","17.18796292580380225","3776.1554827922909681","1.5614094803907054843","0","0","0","0.62456379215628221591","0","0","0","0","0","0","0","0.18216477247960477515","5145.1967158359657333","4554.6103153039866811","9699.8070311399515049","0","1440","3074","178"
"10/09/2022 19:06:49.082","72323.310043142933864","0","2803333.3658525976352","0","2875656.6758957402781","0","2768.6021919476756921","155.5327103282035921","908.2070732918110707","51.977512449014056983","660.31432161189786711","78.566009201778939541","382.83437053793045379","53.976647543206908608","37.183912751986980538","53.576820524368336862","53.176993505529765116","29.587199394054156443","5233.5357630874577808","1.249455037690760717","0","0.93709127826807048223","0","0.31236375942269017925","0","0.31236375942269017925","0","0","0","0","0","0.234273819131047778","7678.2780697758917086","6872.2267997973358433","14550.504869573227552","0","1440","3074","159"
"10/09/2022 19:06:54.086","52127.832667138885881","0","1859094.1233153613284","0","1911221.9559825002216","0","2181.0867184130306669","115.12012735323976642","533.03017300536544099","53.16311436798920198","521.43821573715717932","71.150634266932911487","208.45536949553658701","43.369909089675402925","38.573237116623744214","60.957706324198142056","64.755071636197371276","21.385162546521971905","3912.4854393524683474","1.5614276427235302958","0","0","0","0.62457105708941218492","0","0","0","0","0","0","0","0.18216489279492628639","5150.0268083997962094","4602.6066194752756928","9752.6334278750709927","0","1440","3074","159"
"10/09/2022 19:06:59.078","74001.727755963263917","0","2919874.3256449410692","0","2993876.0534009044059","0","2743.5126922116492096","294.86351364891555704","798.6554544281428889","46.873683555602063677","693.69045364551266175","56.088168357130676611","558.4779049274297904","44.269590024735286704","53.884704600243402695","57.891002340038447471","62.29792985381300241","32.250696805350138163","5442.7557943985630118","2.5039411532964654938","0.31299264416205818673","0.62598528832411637346","0","0","0","0","0","0","0","0","0","0.28691159310932223825","7990.1602122472449992","7112.7810072321290136","15102.941219479373103","0","1440","3074","153"
"10/09/2022 19:07:04.087","89537.206249522525468","0","3623440.7619443978183","0","3712977.9681939203292","0","3315.7492158931822814","206.81012568725688539","1088.1486439394182071","61.883338767422429783","741.20269949496605477","60.685596726762639719","591.28532073904909794","48.907799993608051636","63.480328154968816534","57.691241625113164559","65.27694121595850163","30.342798363381319859","6331.4640506010873651","2.4952782349016602303","0","0.31190977936270752879","0","0.62381955872541505759","0","0.62381955872541505759","0","0","0","0","0","0.33790059745744327468","9862.2079627927014371","8787.8333523208711995","18650.041315113572637","0.19962367344329814967","1440","3074","153"
"10/09/2022 19:07:09.086","12954.15670544457862","0","494244.53091396507807","0","507198.68761940964032","0","1087.1152634263937671","73.621350191555549713","323.09369717217992957","34.409978893879227257","89.826049554370769101","35.810385011653380616","55.616128677316424955","15.404467295515699377","30.408818557381643188","33.009572776105073899","16.004641345990336276","14.404177211391303359","1808.7245301137329534","0.62518330374465802546","0","0.31259165187232901273","0","0.31259165187232901273","0","0","0","0","0","0","0","0.1041985510151576394","1365.3959648298007323","1236.3585439777536976","2601.7545088075544299","0","1440","3074","146"
"10/09/2022 19:07:14.084","403.53419933333032077","0","457.7522300816359575","0","861.28642941496627827","0","693.43060728275793281","25.008316765823643379","79.626480582382484386","28.009314777722480017","79.426414048255892908","33.611177733266977441","26.208715970583178034","9.8032601722028687163","29.209713982482014671","10.203393240456046343","14.004657388861240008","17.805921537266431898","1046.3479734820612066","1.2504157132080131465","0","0","0","0","0","0","0","0","0","0","0","0.10420064254562072525","15.605189661873952289","13.604524320608062382","29.209713982482014671","0","1440","3074","127"
"10/09/2022 19:07:19.082","26307.499871490894293","0","1159960.5122379986569","0","1186268.0121094896458","0","1606.3388194766300785","67.230922190352231382","168.27739750620901305","39.61822200502898994","490.62565836530853858","34.415829216489832731","209.29626372353700958","31.014264700906533534","46.621443066524015819","42.419510429627003134","52.824296006705324658","29.21343642795067197","2817.8960631152690439","2.1884979112775844179","0","0.31264255875394064699","0","0","0","0","0","0","0","0","0","0.2084290394734190921","3066.6104568135069712","2691.2378079173736296","5757.8482647308801461","0","1440","3074","130"
"10/09/2022 19:07:24.090","140545.30528120833333","0","4306246.6916406508535","0","4446791.9969218596816","0","4216.6886340362952978","202.0783680278794634","725.44536664553970695","47.524359279283906687","717.45807937171048252","48.12340582482109852","920.33517612697278309","44.129762187906486304","89.856981830578817494","48.922134552204020963","58.906243644490558609","61.901476372176517771","7181.3699878998595523","2.4960346495935765709","0","0.62400866239839414273","0","0.31200433119919707137","0","0.93601299359759126961","0","0","0","0","0","0.36400372184725016123","11779.251907079655211","10817.58251931061568","22596.834426390269073","0.19968218184573072183","1440","3074","150"
"10/09/2022 19:07:29.084","23414.712171727620444","0","815892.5769457325805","0","839307.28911746025551","0","1353.8254298876317989","116.74016057158546289","204.04498048446927783","30.236302309278567435","96.716119307162571772","37.444957164470807243","302.76350391807409324","27.232696119615130925","35.042072212740059456","35.242312625384286662","29.435340658701651506","24.429330342595928727","2293.1532056017094874","1.8772492449553357385","0","0","0","0","0","0.31287487415922260459","0","0","0","0","0","0.18251067699274564626","2269.5248369096907481","2041.250766495269545","4310.7756034049598384","0.20024041264422892672","1440","3074","150"
"10/09/2022 19:07:34.078","39249.576074782882642","0","1029337.1228094794787","0","1068586.6988842622377","0","1536.6312957129789538","135.96203411377544512","430.91354552701727698","53.864193190877159623","265.91690913563149934","57.468488646028795586","162.7940113910153741","22.226488640101727867","51.261090917712095916","39.847488643065261726","27.833170459226487026","25.830784095253360277","2810.5495004726835759","0.62575478542217621847","0","0","0","0","0","0.62575478542217621847","0","0","0","0","0","0.10429379918057159193","2862.6115459359848501","2632.5373527154724798","5495.1488986514568751","0","1440","3074","174"
"10/09/2022 19:07:39.087","53044.808884382597171","0","1596513.4681439765263","0","1649558.2770283590071","0","1972.2903881459099011","299.26746551581322819","437.82091519424841408","47.315803420445455174","352.17332166103705049","55.301593027271692904","402.48379618404231906","19.565184536724281372","50.510119263175944582","36.534987451230030331","44.121487577714958661","21.162342458089526076","3738.5474044357029015","1.5597043547205120539","0.31194087094410238858","0.31194087094410238858","0","0.62388174188820477717","0","0.31194087094410238858","0","0","0","0","0","0.2599500603128939713","4439.8993766552166562","4066.9630020164318012","8506.8623786716489121","0.19964474017065592104","1440","3074","174"
"10/09/2022 19:07:44.072","243.29973978360723663","0","329.54779263352571661","0","572.84753241713292482","0","700.81557362236083009","21.261147911840367897","102.09362535025233854","22.665185981490203915","54.155754115065086296","22.464609114397369183","22.665185981490203915","12.435765759755687654","19.6565329750977007","9.4271127533631826623","14.64211129777685727","14.441534430684024315","1016.7241392935737849","0.62680253365418137079","0","0","0","0","0","0","0","0","0","0","0","0.05223421306055101021","16.24672623451952802","12.235188892662852922","28.481915127182379166","0","1440","3074","171"
"10/09/2022 19:07:49.079","3932.2135675928875571","0","139275.30144840161665","0","143207.51501599448966","0","861.86323686510434072","18.176026548024218243","94.874863849576954067","21.571547991061709837","68.909111638113785148","24.367859767680819516","117.04562150705704937","15.379714771405106788","25.965752211463168919","17.377080326133043542","19.973655547279360434","21.571547991061709837","1307.076019013961286","0.31208781937519475269","0","0","0","0","0","0","0","0","0","0","0","0.026005653812896233068","391.88312183762104723","348.34055274455204199","740.22367458217308922","0.19973655547279359213","1440","3074","168"
"10/09/2022 19:07:54.081","94269.421727807115531","0","3557791.9630435379222","0","3652061.3847713451833","0","3500.8341845512391046","238.50694889895655137","404.24228891340334258","54.378784660952376839","422.63511313696074012","46.381904563753494131","1072.1816990319396155","50.580266614782907197","93.363575134796903399","41.983620510294116457","70.172622852920156333","63.575196772731082717","6058.8362056427304196","1.8742791147668784735","0.31237985246114635673","0","0","0.31237985246114635673","0","0","0","0","0","0","0","0.20825390138444949129","9790.5803030005863548","8773.7769986417497421","18564.357301642336097","0","1440","3074","168"
"10/09/2022 19:07:59.090","64744.181010126369074","0","2624937.0224931486882","0","2689681.2035032752901","0","2556.5319260948663214","202.23073880478679598","751.62757314908412809","38.928918131227469246","665.78431778278775255","40.526001951995773709","430.01481874186646337","35.335479534498780652","53.103037040546183789","49.110327488625422632","67.277155949864905438","28.547873296233476026","4919.0181679663837713","2.495428126130116997","0.31192851576626462462","0.93578554729879392937","0","0.31192851576626462462","0","0.31192851576626462462","0","0","0","0","0","0.36391726717480904485","7151.3420784452837324","6380.7491349245756282","13532.09121336986027","0","1440","3074","168"
"10/09/2022 19:08:04.088","208.89602950476336218","0","498.22903588779763595","0","707.12506539256094129","0","722.53214802844865972","21.810026068983912495","104.24792277009741781","39.218028527714189124","84.23872454167181445","26.812325626090313335","26.011957696953292185","16.407542547308999303","29.41352139578564362","20.409382192994119265","23.410761927257961901","16.007358582740486952","1130.5196999060467533","1.2505709356549639111","0","0","0","0","0","0","0","0","0","0","0","0.10421357766674796408","8.2037712736544996517","6.002759468527682607","14.20653074218218137","0","1440","3074","168"
"10/09/2022 19:08:09.078","8572.2674612378705206","0","275438.62704399978975","0","284010.89450523769483","0","914.64240077357430891","72.145325214392357793","179.96250567367872009","29.459341129210212529","177.95846886216781968","37.475488375253810602","35.271047882591822997","10.621395101007763628","26.25288223079277472","28.256919042303675127","30.661763216116753483","19.038349709353539652","1561.7458872104434704","0.62626279630246428631","0","0","0","0","0","0","0","0","0","0","0","0.052189234372188073041","820.05186327025978699","730.2710141145715852","1550.3228773848313722","0","1440","3074","174"
"10/09/2022 19:08:14.094","55868.796407184796408","0","2215790.0064041498117","0","2271658.802811334841","0","2248.8189364430140813","118.02312148708017503","668.6647795061941224","34.290501513138160306","683.81639645385973836","55.02429312573332254","270.33674448729851747","27.51214656286666127","34.290501513138160306","35.087955036699511879","38.875859273615937184","20.933154993485505457","4235.6743903961241813","1.5575290215254797843","0","0","0","1.246023217220383783","0","0","0","0","0","0","0","0.23362835641024820577","6016.3881085086241001","5390.1877291320724908","11406.575837640695681","0","1440","3074","174"
"10/09/2022 19:08:19.081","72477.794136935975985","0","3189494.5092294644564","0","3261972.3033664003015","0","2845.6434227743138763","228.36524050869749658","1028.3453192002716605","41.903718407653890665","689.30614299289027258","50.525057601573109878","649.4073871884734217","39.297267023445755285","51.32704264286792295","49.923568820602000073","57.341930452579006783","29.071957746936909928","5760.4580553603054796","2.1929406858415729786","0","1.5663862041725520324","0","0","0","0.31327724083451041759","0","0","0","0","0","0.33938401173310983605","8636.576909703822821","7675.3978377119910874","16311.974747415813908","0","1440","3074","174"
"10/09/2022 19:08:24.091","5108.5000378836175514","0","164723.8771299754444","0","169832.3771678590856","0","832.721034541316385","29.939634511312910092","193.60963650649014767","27.145268623590371959","63.07283003716586478","28.542451567451639249","24.550500299276585281","9.5806830436201302348","23.951707609050327363","39.320719991524285319","17.963780706787744634","15.96780507270021765","1306.3660525102866359","1.5593462533894448807","0","0.6237385013557780189","0","0.31186925067788900945","0","0","0","0","0","0","0","0.20791349910632742071","473.84461553237900944","426.14079787768707774","899.98541341006603034","0","1440","3074","179"
"10/09/2022 19:08:29.084","259.5803943014171864","0","580.85119095224524699","0","840.43158525366243339","0","751.901852011975393","24.235515208697130163","86.126211072229466481","26.038156835790307042","68.700675343662112482","35.051364971256184333","30.84520117470544065","14.821720044988328624","35.051364971256184333","51.275139615094758483","19.428470869781996555","17.425535728567357552","1160.9012078480047876","0.62591673016132887142","0","0","0","0","0","0","0","0","0","0","0","0.052158392224419730665","9.4137951637088033152","7.2105665083727004117","16.624361672081501951","0","1440","3075","176"
"10/09/2022 19:08:34.085","64042.53313613213686","0","2528746.6551533546299","0","2592789.1882894868031","0","2769.2176889043771553","233.7508468719197765","146.96909533863220076","37.592095134235172793","281.54079760108044184","46.99011891779397132","958.19851001731365159","23.395080482476146244","56.388142701352762742","22.995164576792792133","45.590413247902233707","45.390455295060554874","4668.0184090889370054","1.8746158537192560978","0","0","0","0.31243597561987596078","0","0.62487195123975192157","0","0","0","0","0","0.23432798151002895426","6786.1730035408154436","6093.5186548972487799","12879.691658438065133","0","1440","3075","176"
"10/09/2022 19:08:39.077","129995.1018347585341","0","5327921.8457168098539","0","5457916.9475515680388","0","5014.1586023901845692","584.97515358101952643","184.90824203947980209","51.485826873397954273","579.96680466337386406","52.687830613632925747","1815.6266496249247666","52.487496656927092431","84.741263686565503122","24.841410631522748531","74.524231894568245593","71.318888587274983593","8591.7224012428705464","4.6953252290266958013","0","0.31302168193511309413","0","0.62604336387022618826","0","2.504173455480904753","0","0","0","0","0","0.67821431197233306154","14636.999878797954807","13149.319916300471959","27786.319795098428585","0.20033395670582859749","1440","3076","161"
"10/09/2022 19:08:44.079","144984.94902459785226","0","5924142.4842330850661","0","6069127.4332576831803","0","5719.7205011627465865","256.68872543752286219","194.9155041289601229","58.97443458260844551","644.92042699489775259","48.578941029063905432","1616.0994209010395934","58.374694569903951447","103.75502219787722424","25.58890720872501845","73.568108225084429819","66.57114141019867759","8867.7558278486285417","4.3730683282580420368","0","0","0","0.31236202344700297884","0","0.93708607034100910305","0","0","0","0","0","0.46854303517050455152","16083.82766070908292","14445.33794600040892","30529.16560670949184","0","1440","3076","166"
"10/09/2022 19:08:49.090","8247.4821800142744905","0","373584.18089532130398","0","381831.66307533555664","0","1019.5849313449543843","37.51849032938959283","191.38421396747136782","24.945804740285634438","58.872099187074091731","42.707217715369004907","153.06745788639264561","10.776587647803394177","23.748406112751922592","14.967482844171380307","14.967482844171380307","23.947972550674208492","1616.4881471705091371","0.31182573920411893464","0","0","0","0","0","0","0","0","0","0","0","0.025983815196400823072","1025.7714909205451477","909.42425761185302235","1935.1957485323982837","0","1440","3076","157"
"10/09/2022 19:08:54.076","43832.489510679130035","0","1952875.04982833541","0","1996707.5393390145618","0","2219.5620369093494446","119.3312923069542677","116.72405398764266238","31.888530213118869483","213.39242859596527069","36.100222882776080269","751.0851927555356724","21.259020142079247506","47.933073716574902789","17.849554647594839452","31.286859831739267435","32.690757388291672214","3639.1030233776218665","1.2534644001169070737","0.31336610002922676843","0","0","0","0","0.62673220005845353686","0","0","0","0","0","0.18279722594088898546","5296.1032536970442379","4702.05403048158405","9998.1572841786291974","0","1440","3076","157"
"10/09/2022 19:08:59.086","105275.07213340396993","0","3692005.6233777892776","0","3797280.6955111930147","0","3878.3567534960593548","271.63665816735988301","200.98318499230813927","49.297762356603882949","370.8309411278138441","56.482861323558296363","1031.8600460876198213","62.670029878435705939","94.603803064899764763","45.306040708295881814","63.667960290512709776","64.466304620174312845","6190.1623461136414335","2.4948520723368985408","0.3118565090421123176","0","0","0.6237130180842246352","0","0.6237130180842246352","0","0","0","0","0","0.33784488410923135815","10170.108415559139758","9205.7084653279252962","19375.816880887065054","0","1440","3076","157"
"10/09/2022 19:09:04.083","103770.26672974281246","0","3925697.2104817144573","0","4029467.4772114572115","0","3949.2957332738192235","261.13857579663226716","251.73358494418650366","62.233024576821939888","426.02607499695790239","44.423573813679972488","1217.0458375441512544","58.431006998173657507","101.05362511670443837","36.619432468033487282","75.039820631216173297","75.23992681956607953","6558.2802169799433614","3.1266444273701310408","0.62532888547402620816","0","0","0.62532888547402620816","0","0.93799332821103920121","0","0","0","0","0","0.44294096036869629041","10746.702845331905337","9654.323163129747627","20401.026008461652964","0","1440","3076","157"
"10/09/2022 19:09:09.072","99377.440073758159997","0","4018809.6113734142855","0","4118187.0514471721835","0","3675.6786448483517233","276.05178587162151871","974.30042072337005266","46.710287660194488524","690.43017468544985604","63.550048018376195103","763.80341624609866358","47.111234335389291061","76.580814962207270469","60.542947954415176071","65.153834719155398147","49.917861061752908824","6789.8314710863824075","2.1926762508253232475","0.31323946440361760679","1.2529578576144704272","0","0.62647892880723521358","0","0","0","0","0","0","0","0.36544671004841128292","11009.795227511678604","9854.4673829378552909","20864.262610449532076","0","1440","3076","157"
"10/09/2022 19:09:14.088","22871.20735208458791","0","849620.5109477119986","0","872491.71829979657196","0","1295.1307310581398724","58.208122744186063358","429.9826053397580381","28.306689827652128599","190.97048489359676182","40.665948766486152977","104.85435809397901608","17.741516863810137039","24.519174991557829202","37.675805474832763764","31.496176005415748023","16.545459547148780644","2276.0970736065632991","0.62294629557061464986","0","0","0","0","0","0","0","0","0","0","0","0.051912855773599823894","2322.9426518424666028","2106.456277526760914","4429.3989293692275169","0.39868577222045248343","1440","3076","156"
"10/09/2022 19:09:19.080","10131.297585991773303","0","423599.10400160012068","0","433730.40158759191399","0","1234.8595728872357995","23.439093125860900102","92.354033598477556666","26.644439194354696099","63.906587240595101207","26.243770935792973376","294.49117004286773636","11.61937949829001937","37.662816304802127831","25.242100289388659462","20.033412928086239191","30.851455909252809562","1887.3478319550044944","0.62604585969228465636","0","0","0","0","0","0.31302292984614232818","0","0","0","0","0","0.078254730788160087318","1158.3319355019464183","1030.719095150036992","2189.0510306519831829","0","1440","3076","156"
"10/09/2022 19:09:24.089","134548.39353984207264","0","5589180.3264615871012","0","5723728.7200014293194","0","5702.7815883163048056","238.56416712308282513","181.8677458151702524","50.707362719048568067","595.31242373308202787","45.916115847957364338","1711.2736741247415466","45.916115847957364338","84.645361389277923081","39.727421972797891669","64.282562187140314336","76.460314651163784561","8837.4548537277241849","2.8073584913645750483","0","0.31192872126273057942","0","0.31192872126273057942","0","1.8715723275763835876","0","0","0","0","0","0.44189868906489898626","15159.704735418863493","13590.172114563903961","28749.876849982767453","0","1440","3076","155"
"10/09/2022 19:09:29.089","128970.47216608472809","0","5352478.1079458435997","0","5481448.5801119282842","0","5346.5429272633546134","283.21816561314238925","201.01289296695489384","45.802937800430512993","459.02944214841937765","42.402719710442227097","1641.5052861490535179","54.603502268635509154","96.206170663786366504","43.002758196910747301","64.404130880954696181","70.404515745639926649","8348.1354494077240815","5.0002974176904046999","0","0","0","0.62503717721130058749","0","1.250074354422601175","0","0","0","0","0","0.57295207918967017147","14597.736298806205014","13099.640210923127597","27697.376509729332611","0","1440","3076","155"
"10/09/2022 19:09:34.085","141164.25555312400684","0","5699956.7964596878737","0","5841121.0520128114149","0","5605.692379664850705","406.89705112320200442","211.75458932038745274","59.843688286196453419","544.79772413052421598","59.043103827518244486","1513.7050652458319746","46.834190832675488991","75.254939115752065959","46.834190832675488991","82.059907014516880963","65.647925611613501928","8718.3647550057448825","3.4400945192864456068","0","0","0","0.62547173077935380725","0","0.62547173077935380725","0","0","0","0.31273586538967690363","0","0.41698048668305637277","15509.322425743690474","13947.182000747825441","29456.504426491515915","0","1440","3076","157"
"10/09/2022 19:09:39.083","105433.50706306059146","0","3654338.4399570422247","0","3759771.947020102758","0","3774.2858608577025734","542.61361612839743884","180.87120537613247961","57.622684898590875946","500.19691752249025285","42.816856139925164371","999.79359874395356655","58.222921199617864829","103.44072254365097763","48.419061616177053509","93.236705426192187929","69.827489686139642799","6471.3476401389698367","4.0640449873423882821","0","0","0","0","0","0.31261884518018367984","0","0","0","0","0","0.3647226529637506709","10105.97852162439267","9132.7953988926365128","19238.773920517029183","0","1440","3076","160"
"10/09/2022 19:09:44.084","78222.158232236659387","0","2652371.7038283511065","0","2730593.8620605878532","0","2926.9419335873935779","235.56313436947118589","250.36081853189978119","56.791112190942122595","488.32357736014319016","63.790016862361042627","571.91049600737483161","41.793459323615856249","59.990611469305058279","32.794867603220097863","52.591769388090767734","48.792363995034783386","4829.644160688852935","1.2498054052983951223","0","0","0","0.62490270264919756116","0","0","0","0","0","0","0","0.15622567566229939029","7309.8560075348214014","6618.3642259986318095","13928.220233533453211","0","1440","3076","181"
"10/09/2022 19:09:49.075","127718.04848137703084","0","4436005.69136037305","0","4563723.7398417498916","0","4155.0921344252137715","222.569179950166955","363.00211887461972537","47.278421663581816858","863.23185995073754384","38.263468380271724811","1299.9562634533153869","51.485399862459857445","69.515306429080041539","29.448847392146301871","75.324942989435442087","63.305005278355316989","7278.4729486493833974","2.5041579037834420518","0","0","0","0.62603947594586051295","0","1.2520789518917210259","0","0","0","0","0","0.36518835875086996801","12093.860328003265749","10975.405123987260595","23069.265451990526344","0.20033229518466871832","1440","3076","181"
"10/09/2022 19:09:54.081","140961.31116340914741","0","5856662.4007606422529","0","5997623.7119240518659","0","5617.3456921731722105","273.12507775922910014","203.39526639275439379","52.347308246465274806","487.50928290601245862","37.562190650135384828","1815.3726821655857293","66.133431410610711509","94.105275511775360542","35.963799558640268117","59.93966593106711116","74.325185754523218407","8817.1248584599725291","3.7462287464455283903","0.62437145774092128736","0","0","0.31218572887046064368","0","1.5609286443523033849","0","0","0","0","0","0.52031021411365607765","15902.193170398541042","14266.040089366846587","30168.233259765387629","0","1440","3076","181"
"10/09/2022 19:09:59.092","115337.45719518707483","0","4652863.3124714037403","0","4768200.7696665907279","0","4389.1219369822811132","250.00317242652960203","227.65652014259399039","47.486636103363167649","675.78670790794558343","37.709975729141334","1476.2757165074960994","48.484254508896007962","106.14659834869414112","33.719502107009979852","70.631383111725043022","76.816617226028654386","7439.8390211017049296","2.1822913506500953851","0","0.31175590723572793594","0","1.2470236289429117438","0","0.9352677217071836413","0","0","0","0","0","0.38969388642575675252","12578.970475363574224","11308.204150395844408","23887.174625759416813","0.79809472442627171773","1440","3076","179"
"10/09/2022 19:10:04.090","92444.850787031740765","0","3684192.8322192179039","0","3776637.6830062493682","0","3618.2215727571310708","231.72947189053471106","376.01008435433050181","47.426498133036893989","588.72893463035677541","49.62772800419050867","1131.2320419664877136","48.026833552442425912","84.247070523242754803","43.824485616603709559","92.851878201388686307","47.626609939505406999","6359.5532095692506118","3.7520403595475220193","0","0.31267002996229348311","0","0.62534005992458696621","0","0","0","0","0","0","0","0.39083853799696272047","10083.233704335287257","9019.2392293422180956","19102.472933677505353","0.20011180646851009501","1440","3076","179"
"10/09/2022 19:10:09.088","41434.706417972272902","0","1540822.6864600300323","0","1582257.3928780022543","0","1799.8998321833973932","150.64183323708994067","621.17249960313984047","38.410666642126521708","359.89994421450836626","52.414555522068475568","184.65127765980614072","30.608499980444570099","51.614333300357507994","49.213666635224605272","54.415111076345901608","20.405666653629712215","3413.3478867081389581","1.562944157470669948","0","0.62517766298826804583","0","0","0","0","0","0","0","0","0","0.18234381846633174185","4255.3817195035062468","3802.4559420150976621","8057.8376615186034542","0.20005555542774228206","1440","3076","179"
"10/09/2022 19:10:14.088","5982.7046973322039776","0","248922.55614473254536","0","254905.26084206474479","0","890.61558577275104653","33.000577510106431589","106.8018690327080833","22.800399006982623007","75.601323023152914971","25.600448007840139297","167.60293305132839237","16.600290505083840742","21.000367506431363296","12.600220503858817978","20.600360506308859954","20.000350006125106717","1412.8247244326776126","0.62501372530140764106","0","0","0","0","0","0.31250686265070382053","0","0","0","0","0","0.078125715640715479027","691.01209271162247205","613.41073468785702971","1304.4228273994795018","0","1440","3076","179"
"10/09/2022 19:10:19.088","91496.669267047924222","0","3256118.3251949818805","0","3347614.9944620300084","0","3360.8065903813044315","172.02081107772417568","164.61991571740350082","45.405493156562080515","334.04041220906907483","50.80614652760690575","1175.1421686995693108","46.805662549055185195","83.81013935065864473","38.204621995168977833","68.608300232162079624","58.007017689000015537","5598.2772795852843046","2.8128343334888783467","0","0.31253714816543093358","0","0.93761144449629285624","0","0.62507429633086186715","0","0","0","0","0","0.39067243532566281461","8985.2870400261017494","8107.9809035297084847","17093.267943555809325","0","1440","3076","179"
"10/09/2022 19:10:24.080","121143.85774774309539","0","4626464.4095366792753","0","4747608.2672844231129","0","4605.771883785535465","267.98237869651450183","165.03548583402684358","52.875446917697921378","585.43534598648113843","54.878304755489516253","1283.2310166730703713","51.874017998802131046","91.730888970854735476","20.429149945474197381","72.904025295613806179","54.277447404152034949","7306.4253922637135474","1.8776848640333840823","0.31294747733889732855","0","0","0.93884243201669204115","0","1.2517899093555893142","0","0","0","0","0","0.3651040549861435669","12667.474966680456419","11406.075100439315065","24073.550067119773303","1.0014289188957941068","1440","3076","175"
"10/09/2022 19:10:29.082","140861.73681480344385","0","4897188.7618136182427","0","5038050.4986284216866","0","4878.6202520506494693","235.14313768644467473","192.15353343254534479","55.386606410837735837","820.6015621302457248","45.389024026209987994","1144.7231830398773127","39.19052294774078149","94.777081006271075125","26.193665847724705742","74.581964589323021642","67.583656920083583941","7674.3441900879533932","3.1242787914837739649","0.31242787914837738539","0.62485575829675477078","0","0.93728363744513210065","0","1.5621393957418869824","0","0.31242787914837738539","0","0","0","0.57278577813097630855","13380.564311938087485","12186.852975213534592","25567.417287151623896","0","1440","3076","199"
"10/09/2022 19:10:34.086","138941.43781125286478","0","5151781.1150556495413","0","5290722.5528669022024","0","4773.0651890879971688","371.27836897452476705","407.64686367493567332","48.75776212582564284","1796.6436035790916321","69.140105309572419401","565.31028300803586717","20.981823865621688441","75.93421970415468536","34.170398866869611254","84.926429932278267643","60.147895081448844223","8308.0029432103565341","2.1855754696644322799","0.31222506709491892885","0","0","3.1222506709491888444","0","0.31222506709491892885","0","0","0","0","0","0.49435668927369313952","13956.709581623630584","12621.066622406342503","26577.776204029974906","0","1440","3076","199"
"10/09/2022 19:10:39.076","198.39370039481147501","0","420.0335313409341893","0","618.42723173574574957","0","988.36134378506085341","18.236188622149338556","68.335607913768399158","37.07357027579810449","57.313735669612206891","55.109361220780968438","20.039767716647624241","9.8194861811573357357","19.438574685148196863","17.033802559150480249","14.829428110319241796","15.230223464652194565","1320.8210902042449106","0.62624264074718183348","0","0","0","0","0","0","0","0","0","0","0","0.05218555074463155502","12.625053661488003343","6.6131233464937162481","19.238177007981718702","0","1440","3076","199"
"10/09/2022 19:10:44.086","39472.1910860611315","0","1627015.6595899781678","0","1666487.8506760392338","0","2014.848680253155635","89.025412264009062824","167.67118004880629201","35.729930034209914425","651.32269107054162305","46.908008704130331523","195.01755108057588473","17.964769290943532809","35.729930034209914425","18.16437783862068045","75.651639569639982597","29.142847960863949908","3377.1770181497067824","0.31188286489990796335","0","0","0","0","0","0.31188286489990796335","0","0","0","0","0","0.051981142833429784533","4428.5152387652578909","3952.049635459899946","8380.5648742251578369","0","1440","3076","202"
"10/09/2022 19:10:49.087","143136.51206422320683","0","6059527.128410260193","0","6202663.6404744833708","0","5486.5463636363274418","219.3578745137783983","577.2891373940548192","46.791014253622734032","1900.8349636535799618","66.387250992319437159","597.08533573212605461","24.395315123683648295","92.582220510373190336","35.593164688653189387","83.583948538522662375","60.188441411711295359","9190.6350304487532412","4.3742858540914610899","0","0.93734696873388445582","0","0.62489797915592293354","0","0.62489797915592293354","0","0","0","0","0","0.54678473192466603425","16404.849612680380233","14681.180626072569794","31086.030238752951846","0","1440","3076","178"
"10/09/2022 19:10:54.076","28412.62161689309869","0","1112373.9210211625323","0","1140786.5426380557474","0","1562.7322750158639337","102.43152803144003826","200.85399430039709046","29.667057042374022302","559.86547513074754079","33.676118804856997713","81.383953778404404034","12.227638375573075535","50.514178207285496569","25.257089103642748285","34.878837333601886428","29.266150866125723695","2722.7542959903130395","0.31320374375592002769","0","0","0","1.566018718779600416","0","0","0","0","0","0","0","0.15660187187796001385","3014.012633034701139","2693.287692036063163","5707.3003250707643019","0","1440","3076","179"
"10/09/2022 19:10:59.093","885.56252055449806448","0","1176.9630168521969154","0","2062.5255374066950935","0","691.4284005859900617","17.340522009507388645","94.276631155137877727","21.725481598118452808","62.186699620302363201","28.701553670908783289","30.096768085466848675","11.361031661401392867","27.704971946224450363","22.522746977865921281","23.120696012676518194","18.536420079128589578","1049.0019234027286075","1.8685965811200231368","0","0","0","0","0","0","0","0","0","0","0","0.15571638176000190956","14.749409525328124104","9.7665009019064612517","24.515910427234587132","0","1440","3076","180"
"10/09/2022 19:11:04.090","11109.460121342744969","0","417114.2599988693255","0","428223.72012021206319","0","1052.8311722877865577","57.834671885795536639","106.86406500697168553","35.421235030400730182","232.33928740279799285","34.420635170784883883","185.71133394469984523","18.411037416931449684","38.22291463732507566","36.822074833862899368","35.020995086554393083","24.814876518472825495","1858.7142992223839428","0.9380652781366051185","0","0","0","0.625376852091070079","0","0.3126884260455350395","0","0","0","0","0","0.15634421302276751975","1139.2830001585950868","1028.0162957693137287","2167.2992959279090428","0","1440","3076","186"
"10/09/2022 19:11:09.085","65764.621814734782674","0","2723186.8896874519996","0","2788951.5115021867678","0","2726.8038087483073468","117.72104548781237554","297.90631919364767555","41.642818812015264029","1137.3694888031668597","50.451876637633880307","284.69273245521975468","23.023673862412284308","50.451876637633880307","29.029849652606795729","65.2671102534470009","43.044259829727316458","4867.404860373630072","2.1897218669839912941","0","0","0","0.62563481913828322689","0","0.31281740956914161345","0","0","0","0","0","0.26068250932856551483","7368.9770769896431375","6591.1773121594542317","13960.154389149098279","0","1440","3076","177"
"10/09/2022 19:11:14.084","42026.302724982531799","0","1725517.8641237213742","0","1767544.166848703986","0","2000.6429738110775816","110.80238003512315004","185.60398677363590991","29.000622933380608259","768.01649699435540697","31.800683078672530968","240.20515960682834589","16.000343687382404312","53.001138464454214727","27.600592860734650458","55.401190017561575019","34.000730335687613604","3552.0762985988940272","1.5625426886662543424","0","0","0","1.8750512263995051665","0","0.62501707546650175917","0","0","0","0","0","0.3385512492201286916","4687.9006961069526369","4212.2904799995103531","8900.1911761064620805","0.20000429609228007055","1440","3076","162"
"10/09/2022 19:11:19.070","320.54679265051601078","0","703.07666347938584295","0","1023.6234561299017969","0","685.22393222413177227","18.855693685324471431","97.889133174875979648","19.457471143366742439","68.602630216818823783","22.265765947564002403","25.876430695817624894","9.4278468426622357157","23.068135891620361377","15.24502893707084894","18.855693685324471431","13.439696562944037694","1018.2074590075213791","0.626855366513807577","0","0","0","0","0","0","0","0","0","0","0","0.052236609918035407929","11.834956674831316192","8.6254768986058749647","20.460433573437192933","0","1440","3076","162"
"10/09/2022 19:11:24.086","20397.129558959688438","0","832372.24579048436135","0","852769.37534944398794","0","1323.8210119039833899","53.024603096891972598","84.321079360847008388","29.103729519346721588","72.759323798366807523","35.681969753171664195","602.4073329278478468","24.518895416983880864","49.635812673406398687","28.107026453615670647","23.322851738106621156","17.143292730574096083","2343.8469293731423022","0.31146979496496568496","0","0","0","0","0","0.31146979496496568496","0","0","0","0","0","0.051912296963056873966","2260.5225530780262488","2010.3500835795321109","4270.8726366575583597","0","1440","3076","171"
"10/09/2022 19:11:29.082","36207.868278167392418","0","1212538.4695090355817","0","1248746.3377872030251","0","1758.9149296230875734","44.633367012511214966","144.10773205833217503","38.428728548888578587","155.31611121842468037","39.629626316041346001","503.77661332058619337","27.620648644513664749","69.051621611284161872","32.023940457407150006","51.238304731851435747","30.222593806677995332","2894.9642173496063151","0.31273592798407118254","0","0","0","0","0","0","0","0.31273592798407118254","0","0","0","0.052123321833991563545","3358.310605842716086","3017.4557895991883925","6375.7663954419040238","0.20014962785879467089","1440","3076","170"
"10/09/2022 19:11:34.088","1203.8524557151706631","0","2658.6240425916844288","0","3862.4764983068553192","0","896.19683311288667937","21.176296101196165012","93.095792293937847717","24.37271815420690757","62.530006412022636653","25.3716000457727624","33.762207934925960728","15.982110265053709242","36.958629987936703287","20.576966966256648561","27.169587450591304645","21.376072479509335977","1278.5688212042966825","1.2485952554219350574","0","0","0","0","0","0","0","0","0","0","0","0.10404893870102500941","17.979874048185422453","14.184122860235166996","32.163996908420585896","0","1441","3076","166"
"10/09/2022 19:11:39.089","6578.4981288771768959","0","93033.560438151966082","0","99612.058567029147525","0","1080.7532640298220485","22.594841597663254618","99.777220860477555675","25.194248153146634905","89.379594638544020313","28.193563409473615167","50.1885419558714716","13.796850179104110268","32.992467819596782874","17.995891537961881568","19.595526341336270804","17.595982837118285147","1498.0579933601159155","0.62485665788268174303","0","0","0","0","0","0","0","0","0","0","0","0.052072054670658549091","281.73567974431438188","257.34124899285490073","539.07692873716928261","0","1441","3076","183"
"10/09/2022 19:11:44.084","63202.708876278389653","0","1817821.5038875832688","0","1881024.212763861753","0","2270.4095625863087662","148.54456356926559124","247.84119905492025282","43.442278024973902006","613.19676308983900981","44.042862513798425539","288.68094429498785303","44.643447002622949071","78.876762865620818843","55.854357460680731151","38.837796943985885889","27.026301997103580277","3901.3968394041080501","2.1896333159470606766","0","0","0","0.31280475942100871567","0","0","0","0","0","0","0","0.20853517164703228026","5070.334449486239464","4655.1303728788852823","9725.4648223651256558","0","1441","3076","180"
"10/09/2022 19:11:49.071","64827.624789417997818","0","1992951.1738502245862","0","2057778.7986396425404","0","2385.5683641191026254","151.79248984098182973","299.374091588620729","43.913547259147982516","449.56243358451951053","55.34310065536458012","302.98342424005750217","40.103696127075778577","74.793393276996326335","48.124435352490934292","37.697474359451234704","20.452885024808647785","3909.7093354286180329","3.4464453177511296111","0","0","0","0.93993963211394437884","0","0","0","0","0","0","0","0.36553274755693898612","5498.6177759833599339","5037.8263074832593702","10536.444083466620214","0","1441","3076","183"
"10/09/2022 19:11:54.083","241.45857743182463651","0","1207.4924397024551581","0","1448.9510171342799367","0","747.52382732199589555","17.760176356555696486","65.453234212924357394","42.903796816398589442","59.466657912961764509","66.450996929584789541","23.148095026522028661","10.376732253268496464","19.35659670321238579","10.177179709936408969","21.751227223197425076","15.964203466566917911","1100.3327239331247256","1.558982685624002551","0","0","0","0","0","0","0","0","0","0","0","0.12991489121902727311","11.374494969928928612","7.7825491899513723482","19.157044159880300072","0","1441","3076","182"
"10/09/2022 19:11:59.098","1894.4051171187752516","0","36137.641710055693693","0","38032.04682717446849","0","732.28267682353839518","19.538171066895387185","62.801264143592320011","48.047951297161105799","70.975396936885289279","62.203156866034298389","38.677603948752093288","11.364038273602419693","21.731231084608136683","17.74384923422132232","22.329338362166158305","18.341956511779343941","1126.0366345492361688","1.8690819258980289064","0","0","0","0","0","0","0","0","0","0","0","0.15575682715816907553","116.63091912381430859","102.87445173997980419","219.50537086379409857","0","1441","3076","181"
"10/09/2022 19:12:04.076","85391.718610668758629","0","3248543.2331874975935","0","3333934.9517981661484","0","3452.0069282821700654","417.66411010292915762","371.45788339601540429","49.018779636899814989","1303.2164897728241613","87.791830743136145543","392.15023709519851991","45.804433431201466931","95.225006343813575427","58.862714891851005916","102.65818194449100531","65.693200578960002645","6441.5497962194904176","2.1973246339568550667","0.62780703827338713019","0","0","0.31390351913669356509","0","0.31390351913669356509","0","0","0","0","0","0.28774455771154872075","8858.3363496289366594","7967.3597607369256366","16825.696110365861387","0","1441","3077","178"
"10/09/2022 19:12:09.091","114308.83707181618956","0","4376556.9645070014521","0","4490865.8015788178891","0","4222.5605251289207445","264.60794374981480814","368.09816440253058545","46.062121330977554123","1616.3617121597578716","81.755280284419043824","468.79674133821748683","34.496740217571939979","89.731405190216023016","30.7080808873183706","78.764233444745173074","54.23764935941946419","7356.1805974939088628","2.492537094684804444","0.3115671368356005555","0.3115671368356005555","0","2.8041042315204047775","0","0","0","0","0","0","0","0.49331496566131349812","11882.033272165759627","10729.084417032807323","22611.11768919856695","0","1441","3077","175"
"10/09/2022 19:12:14.082","117810.30831281669089","0","4653978.2272428786382","0","4771788.5355556951836","0","4863.5647272663009062","796.83599408165446221","346.02357600679334837","57.703989513582214954","1747.348932458161471","85.353817822173695617","603.88827914561386478","51.092074048484249715","90.362844689672144227","51.693157272584066675","92.767177586071412065","78.541541282375789024","8865.1761111734685983","4.6959285342890542125","0.6261238045718738876","0","0","0.93918570685781088692","0","0.93918570685781088692","0","0","0","0","0","0.60003497878201672577","12499.325284080947313","11215.411517403743346","23714.736801484690659","1.2021664481996294782","1441","3077","184"
"10/09/2022 19:12:19.091","121539.33385601232294","0","5043205.2654034597799","0","5164744.5992594715208","0","4737.3314515505790041","409.06874053803937841","456.98308789242173589","37.732548541576107937","1975.4686127983893584","67.479372524088489627","582.35896346972231186","42.723626390990936841","75.465097083152215873","49.311849152218513836","86.245825237888240622","74.267238399292651252","8594.4364135783598613","4.9911207961037309389","0.62389009951296636736","0.31194504975648318368","0","1.2477801990259327347","0","0.31194504975648318368","0","0","0","0","0","0.62389009951296636736","13455.746238908403029","12040.476203928334144","25496.222442836737173","0.39928622795318635674","1444","3077","184"
"10/09/2022 19:12:24.081","5416.6127133133213647","0","251900.8498732886801","0","257317.46258660202147","0","1043.1594025528484053","52.308281280748026631","238.69411113168925453","28.258496783852379508","60.324876113046570936","31.064304975156872501","53.109940763977874667","24.250199367703107356","32.868038812424046569","27.657252171429988152","23.648954755280716","20.041487080746367866","1635.3853457889038054","1.2525919132906575548","0","0.31314797832266438871","0","0","0","0","0","0","0","0","0","0.1304779902765999533","296.41359392423879626","183.58002165963674202","479.9936155838755667","0","1445","3077","184"
"10/09/2022 19:12:29.083","446.20420559458506204","0","552.95736230941861322","0","999.16156790400361842","0","905.60262156965518443","19.591403292235366251","91.359911270934304639","26.788245317954480385","72.967981649652131182","34.384911900657989747","40.58219253391611403","13.394122658977240192","23.789561140571514386","21.390613798665143008","20.79087696318855194","24.389297976048109007","1295.0317400724561594","0.93708653867740476784","0","0","0","0","0","0","0","0","0","0","0","0.078091544448758321018","17.992105064297785333","11.994736709531856889","29.986841773829642221","0","1445","3077","181"
"10/09/2022 19:12:34.092","16271.358428661480502","0","637594.70715128094889","0","653866.06557994242758","0","1496.3820731351547693","104.80263986071987858","93.823315684834938111","32.93797252765482142","361.71882557642749134","33.736468831355544751","196.43009071037783997","16.968046453640361904","38.327822577634698575","23.755265035096506665","51.303387512771443824","31.141355844328192148","2481.3272637499962912","2.183387720232206064","0","0","0","0.62382506292348738342","0","0","0","0","0","0","0","0.23393340047620705957","1739.9234457638751792","1551.478318090504672","3291.4017638543800786","0","1445","3077","189"
"10/09/2022 19:12:39.081","107599.33645124586474","0","4210171.6583979679272","0","4317770.994849213399","0","4048.1461763873094242","545.68681682396163524","298.50392000399659764","36.886985413522751287","1833.3232696014433714","63.148915245976454003","436.42916981108169239","46.509677260528690113","79.988625978236839842","45.70778627327819521","94.623136495558370029","69.764515890793035169","7598.718995185687163","1.5661825964627147378","0","0","0","1.8794191157552577742","0","0","0","0","0","0","0","0.2871351466129339336","11455.012752873315549","10281.244820285404785","21736.257573158720334","0.40094549362524734004","1445","3077","162"
"10/09/2022 19:12:44.091","1099.7548065721907733","0","16730.044944044937438","0","17829.799750617126847","0","984.39032777024397092","55.885906686064139137","63.869607641216155969","45.307502920487713993","84.028452552975011258","51.095686112972927617","24.749472960971260704","16.166994434182839768","20.957215007274051288","21.55599257891045184","19.560067340122447632","21.35640005503165284","1408.9236260604527615","0.93560054377602597242","0","0","0","0","0","0","0","0","0","0","0","0.077965714007422137755","66.663902975519363281","59.278979592003743448","125.94288256752311383","0","1445","3077","165"
"10/09/2022 19:12:49.090","294.82990164862519578","0","552.85607066268664767","0","847.68597231131184344","0","698.07079834036767352","15.001521454305896341","62.806369822027349414","51.605233802812279009","69.807079834036770194","52.805355519156755406","17.801805459109662166","14.601480882191072652","16.001622884592954676","9.0009128725835374496","11.601176591329892318","13.601379451904012541","1032.7047369144179356","0.62506013078458144694","0","0","0","0","0","0","0","0","0","0","0","0.052089010962854620512","19.001927175454135011","12.401257735559541473","31.403184911013674707","0","1445","3077","164"
"10/09/2022 19:12:54.082","57957.950204209220828","0","1551599.5139112721663","0","1609557.464115481358","0","1951.2215446106913532","135.00906694052005719","488.55654935894426671","38.459556161097701477","391.00548763782666128","54.684681416560799505","204.917322670848705","27.442495802449922593","39.861727479471056768","30.647458815874731641","20.832259587261255263","39.260796914453905515","3421.8989473960004943","1.2519342383983254052","0","0.31298355959958135131","0","0.31298355959958135131","0","0.62596711919916270261","0","0","0","0","0","0.20865437100319994546","4275.0200395320161988","3958.5299419563166339","8233.5499814883332874","0.20031018833905053778","1445","3077","188"
"10/09/2022 19:12:59.088","107638.40704114745313","0","3448042.0552125382237","0","3555680.462253685575","0","3379.5123446386660362","226.12649096411925598","719.13018327811778363","52.136938287663539882","742.30215585041275972","72.312535096299626503","584.8925490662024913","42.748294228199227973","81.900937540007859639","61.925099115615701351","43.547327765174912884","76.107944396934129827","6082.6428002274133178","3.4333793267995620369","0","0","0","1.2485015733816586803","0","0","0","0","0","0","0","0.39015774048302709343","9488.7230099705211614","8668.5150842649782135","18157.238094235497556","0.59927515273176479305","1445","3077","163"
"10/09/2022 19:13:04.077","34664.234322357311612","0","1261906.9155978451017","0","1296571.149920202326","0","1916.1567741013550403","110.4626891117228098","286.68175214113182392","37.088198703572999193","324.97281134319905505","43.302977945793337256","251.19736743555114344","26.06197746737561971","50.119187437260805495","35.28390795583160866","26.262454217124663103","57.135873678477317128","3164.725971538396152","1.25296589557140714","0","0","0","0","0","0.313241473892851785","0","0","0","0","0","0.13051694666444943471","3452.4101074282734771","3119.2177493453636998","6571.627856773637177","0","1445","3077","163"
"10/09/2022 19:13:09.079","1547.1946851663708458","0","5264.4598486487784612","0","6811.6545338151490796","0","1068.2439790089258622","25.186890223638595643","103.94589616104816798","40.978670601951684205","89.55338746182611942","48.174924951562708486","32.782936481561350206","14.592404653377917256","25.986474040262041996","24.787098315326872466","30.18428907753514423","38.779815106237201405","1543.1967660832535785","0","0","0","0","0","0","0","0","0","0","0","0","0","62.36753769662890079","55.571075255329603237","117.93861295195850403","0","1445","3077","157"
"10/09/2022 19:13:14.088","9898.0224560161532281","0","405513.63816276856232","0","415411.66061878472101","0","1260.0641408786450484","58.301177172645274993","90.846012375183562426","32.74449676819803301","312.07102712618001306","56.104899950388087859","75.671733385043012277","10.781724545626181211","24.358711010488779181","24.758034141808266781","21.962772222571850023","37.336712778372145749","2005.001442355150175","0","0","0","0","0","0","0","0","0","0","0","0","0","1106.9237200176212355","984.53118026819811348","2091.4549002858193489","0","1445","3077","157"
"10/09/2022 19:13:19.087","103852.70231921554659","0","3837963.2544655026868","0","3941815.95678471867","0","3836.2771326600636712","240.4173677506463207","561.24054401689977567","39.002817563540794765","935.66759262689140542","52.203771200431525301","681.64924234126681313","35.802586378840011605","85.806198639789741378","51.003684506168731616","41.202976503022583188","74.205360595249402422","6634.4792747828105348","1.8751538001146854651","0.31252563335244759601","0.62505126670489519203","0","0.62505126670489519203","0","0.31252563335244759601","0","0","0","0.31252563335244759601","0","0.33856976949249378839","10422.752939672362118","9444.2822549500979221","19867.035194622461859","0.20001444904379894751","1445","3077","158"
"10/09/2022 19:13:24.079","114828.32671372257755","0","4714468.7277352726087","0","4829297.0544489948079","0","4300.4283060729485442","265.42144147319999092","542.26101288147344803","45.872837809330405889","1679.0660546629148939","78.524683062259910571","480.76336568730556564","33.252799460038637847","93.548538239988218379","54.887150915967389153","68.50877961044105291","64.101782091640743033","7706.6367519675086442","0.93897646537368284481","0","0","0","0.93897646537368284481","0","0","0","0","0","0","0","0.15649607756228048339","12774.082944380745175","11467.408180056456331","24241.491124437201506","0.20031806903637733308","1445","3077","158"
"10/09/2022 19:13:29.095","98478.95369839965133","0","4005174.6389300418086","0","4103653.592628441751","0","3695.9712916057951588","194.18901920509463821","454.37040530637648317","46.852586769196342686","1441.2653181043419863","63.599894380313337194","422.47077176139174526","46.852586769196342686","80.945320120398790209","37.482069415357074149","76.957865927275705076","45.058232382290952955","6606.0153617470286918","3.1151810117545695178","0","0.62303620235091394797","0","0.62303620235091394797","0","0.31151810117545697398","0","0","0","0","0","0.38939662961139742681","10858.236513293495591","9753.3129563790862449","20611.549469672580017","0","1445","3077","158"
"10/09/2022 19:13:34.086","147965.71485656488221","0","6111249.0580886201933","0","6259214.7729451851919","0","5326.7368831809089897","376.47403157665416984","532.15275565066178842","45.481429040926286689","2344.7980795857283738","71.127344975897941026","605.28368780897937995","44.679994167958426488","102.98438117637054745","38.26851518421550935","74.733801904253326143","57.703310853686218707","9620.4242151062408084","2.1914475421155144019","0.31306393458793063678","0.62612786917586127355","0","1.5653196729396530174","0","0.62612786917586127355","0","0","0","0","0","0.44350891034055284212","16521.780264950761193","14837.564879408793786","31359.345144359554979","0.20035871824196602176","1445","3077","151"
"10/09/2022 19:13:39.085","124114.68687127022713","0","4990577.9060348933563","0","5114692.5929061630741","0","4526.8943296267270853","530.9518097414412523","363.70399024489080375","36.810524865269478312","1909.7460345862089071","65.81881891670465734","492.34077007297923956","45.813098881232122039","86.424710553241382627","55.81595889896838969","69.019734122380270946","51.814814891873879787","8235.1545954019165947","1.8755300623062090004","0","0.31258834371770150007","0","1.5629417185885075003","0","0.31258834371770150007","0","0","0","0","0","0.33863570522301011945","13479.854159901398816","12143.6721187321873","25623.526278633584297","0","1445","3077","151"
"10/09/2022 19:13:44.078","109819.39922876488708","0","4314077.2369917184114","0","4423896.6362204831094","0","4019.465758543928132","262.57011358070110418","399.76349863240227478","35.049404940215630688","1708.6084202570259549","62.488081950555866229","348.89179089060354499","41.658721300370572749","90.127041274840181018","34.648840312327450874","95.334381437386511493","54.677071706736377621","7153.283124827093161","3.4423766083985216646","0.93882998410868767625","0.31294332803622926242","0","0.62588665607245852485","0","0.62588665607245852485","0","0","0","0","0","0.49549393653024620399","11719.920165066274421","10526.437856273445504","22246.358021339718107","0.40056462788817859266","1445","3077","148"
"10/09/2022 19:13:49.086","112491.90414831080125","0","4810270.9351795930415","0","4922762.8393279043958","0","4382.6821735356043064","212.25528044413627526","440.4846177420175195","40.733844977049670888","1585.0257913128446035","63.097524572292627454","584.65048084706586451","25.758166676663762473","79.670608558053032766","49.319900535937591712","71.683580131180548278","43.329629215783228346","7578.6915985486293721","2.4959478785381508104","0.31199348481726885129","0","0","1.8719609089036131078","0","0","0","0","0","0","0","0.38999285440073749864","13003.481306080420836","11652.275771964268642","24655.75707804468766","0","1445","3077","148"
"10/09/2022 19:13:54.086","139150.83812467791722","0","5602685.9313409207389","0","5741836.7694655992091","0","5135.8403988301433856","466.74914301337724964","1250.0637930491093357","59.393528481136691255","1005.890398182214085","46.394944806813846583","776.31541267263514783","28.79686229388445895","87.190499723150168165","73.991937838453125664","47.794792279433231386","67.592635106478795137","9046.0143462768301106","1.8747846622336958866","0.31246411037228261076","0.93739233111684794331","0","0.62492822074456522152","0","0.93739233111684794331","0","0","0","0","0","0.3905791380802001167","15147.149566583224441","13652.712400456844989","28799.86196704006943","0.19997821037419763468","1445","3077","148"
"10/09/2022 19:13:59.084","100408.92786932236049","0","3954737.3205519625917","0","4055146.2484212848358","0","4004.2241934173343907","243.69884912718299574","672.87293071815793155","43.01744873755693277","725.29419383090180418","45.618503777502233731","534.81693244413804678","28.811686596317201747","83.033680121330817769","46.618909562096582988","44.418016835989014623","58.023535506472143197","6530.4488806749795913","4.0641251623699279349","0","0","0","0.62525002497998904971","0","0.31262501248999452486","0","0","0","0","0","0.41683468385337923978","10497.658060062323784","9464.6390468902009161","19962.297106952522881","0.20008115691886943499","1445","3077","149"
"10/09/2022 19:14:04.071","123559.58956981875235","0","4985421.0597081324086","0","5108980.6492779515684","0","4716.4358263433196043","256.47625093082933745","964.54321108466695023","48.327424921289967585","1092.8816009171382575","43.314206568459056257","526.98951324958522946","35.694114672156075585","94.248505033221093186","76.601976431256304068","35.694114672156075585","59.757562765744438593","7950.9643075898220559","3.7599649599340136952","0.31333041332783451161","0","0","1.2533216533113380464","0","0","0","0","0","0","0","0.44388441799532468712","13461.092863553330972","12142.415908024689998","25603.508771578020969","0.40105746822647275751","1445","3077","149"
"10/09/2022 19:14:09.081","70324.212136921283673","0","2975089.8251454671845","0","3045414.0372823881917","0","2834.0567261296896504","180.06051750151297597","341.95528434599970069","36.930372214833596445","1093.9375120934491861","43.118704856238146306","533.59397259594697971","22.956717863274938907","35.333383146084031523","32.13940500858491589","29.145050504679485215","49.905908398423775907","5233.1335546587170029","2.1833661019571981576","0","0","0","0.93572832941022787701","0","0.62381888627348525134","0","0","0","0","0","0.31190944313674262567","7986.7419564501478817","7167.2869405480296336","15154.028896998177515","0","1445","3077","151"
"10/09/2022 19:14:14.085","1161.3293472481848312","0","29750.372536551101803","0","30911.701883799287316","0","749.30919686522599932","25.17678901467159136","83.522998477243859838","31.570894161254855703","97.310287699564014474","32.769788876239218212","58.945656820064442627","10.590236649028527793","25.576420586333046714","17.383973367273242161","23.17863115636432525","27.574578444640316377","1182.9094521179033563","0.93664038891666778763","0","0","0","0","0","0","0","0","0","0","0","0.078052366659974142804","91.715445696303660839","82.723735333920942026","174.43918103022460286","0","1445","3077","151"
"10/09/2022 19:14:19.081","4747.2294483557643616","0","205446.78322960529476","0","210194.01267796105822","0","933.79260316156353383","28.023786590057639501","96.481893831484157431","32.627694386995678144","234.19878793119599436","33.228204099639775393","37.231602183933723893","12.410534061311240706","31.426674961707497857","40.234150747154181715","18.615801091966861947","21.21800984675792634","1519.4897428937681525","1.2510545639341226209","0","0","0","0","0","0","0","0","0","0","0","0.10425588145271175167","563.47828036437329047","492.61813427237035512","1056.0964146367437024","0","1445","3077","151"
"10/09/2022 19:14:24.093","32472.974853681858804","0","1246727.2274701488204","0","1279200.2023238306865","0","1649.1187989067727813","69.436581006600960109","95.774594491863396684","44.69481076286958654","861.17322880600499957","45.891993194017878466","35.91547293444877198","18.157266872415767978","32.523456046195278191","14.765249984162272412","18.75585808798991394","14.9647803893536544","2901.172091482695123","1.2470732686871832673","0","0","0","0.31176831717179581682","0","0","0","0","0","0","0","0.12990313293537661399","3422.1459794373936347","3052.0170778073802467","6474.1630572447738814","0","1445","3078","175"
"10/09/2022 19:14:29.080","65420.460684866724478","0","1705356.0182649411727","0","1770776.4789498080499","0","2379.538280551412754","79.398142829319141356","100.04967997936931567","46.716584038463025763","465.76233785986960356","47.719085841863524422","131.52823660614484425","47.31808512050332638","73.784132730276368761","41.102573939420260274","62.756612892870933251","41.904575382140656359","3517.5783277716536759","3.1328036258638092271","0","0","0","0","0","0","0","0","0","0","0","0.26106630049054391218","4799.3771335995261325","4440.4814879821487921","9239.858621581674015","0.6015010820402965086","1445","3078","174"
"10/09/2022 19:14:34.086","1735.5448718953937259","0","44298.744085178979731","0","46034.288957074371865","0","887.7487811582792574","19.576818306370693534","80.504671198646832408","34.958604118519097881","119.85807126349405394","31.163098528508452745","26.5685391300745124","14.18320509951346331","21.574452827428928003","15.182022360042578768","18.378237593735754274","17.579183785312459065","1287.2756853699261228","1.8727828498397318668","0","0","0","0","0","0","0","0","0","0","0","0.15606523748664430373","59.12998182332373176","35.957421379048213339","95.087403202371945099","0","1445","3078","173"
"10/09/2022 19:14:39.084","76001.117079727264354","0","2808983.5282760709524","0","2884984.6453557978384","0","2876.1321606637238801","376.34814568406710578","370.94601919099437737","53.621107412721947583","1151.2531793015002677","73.428904553988630255","310.122076454175442","22.008663490296321186","63.625045362856639031","40.816066836549545371","72.428510758975164663","41.416303113557624727","5452.1461828234068889","3.1262363014077547696","0","0.31262363014077548806","0","1.2504945205631019522","0","0.31262363014077548806","0","0","0","0","0","0.4168308399239563089","7669.819147609265201","6906.3186032549856463","14576.137750864250847","0.40015751800538768013","1445","3078","173"
"10/09/2022 19:14:44.074","15011.24019218876856","0","669523.9597030171426","0","684535.19989520590752","0","1223.746763865215371","55.715951581154577354","105.8202245857899868","30.463397986818328889","404.24127460139851564","29.661729618744164583","39.081332943615620934","13.62836225726083228","36.676327839393117358","11.423774245056874221","31.265066354892496747","17.436287005613124279","1999.1604928849528733","1.5657505921743894994","0","0","0","0.31315011843487788878","0","0","0","0","0","0","0","0.15657505921743894439","1837.0230654419526672","1626.9859530065209583","3464.0090184484738529","0","1445","3078","176"
"10/09/2022 19:14:49.088","120.64702300479487462","0","369.12006542458732383","0","489.76708842938217003","0","731.45996757287207402","24.927070868759273026","85.549707221581826389","27.12065310521008854","90.136288261433534785","28.715985640810682611","34.299649515412760081","11.167327749204153164","33.501983247612464822","17.349241324656453855","27.320069672160162355","14.756825954305488935","1126.3047701340190088","0.93477078712366645785","0","0","0","0","0","0","0","0","0","0","0","0.077898562682478467156","9.3725786466534870556","5.9824970085022250998","15.355075655155712155","0","1445","3078","176"
"10/09/2022 19:14:54.085","41236.259175268816762","0","1637562.7591939324047","0","1678799.0183692013379","0","1916.3876563019282457","60.043477482044750104","234.97014187973513799","29.82159381608222759","790.57245351358926655","27.019564866920138257","194.34072211688484799","15.811449070271784478","41.229854537670732384","21.415506968595963144","25.218260542458796891","23.817246067877750448","3380.647927164059638","2.189106147180186035","0","0.31272944959716941771","0","0","0","0.31272944959716941771","0","0","0","0","0","0.23454608646363839242","4430.207913550201738","3985.686035258130687","8415.893948808332425","0.20014492494014918256","1445","3078","176"
"10/09/2022 19:14:59.078","126961.23718801778159","0","5018164.6164383934811","0","5145125.8536264114082","0","4520.1735980601870324","288.41944262702361357","1143.6632065279893595","49.872528620922828679","1050.7280527926152445","52.876897814954325838","684.3953024003748169","24.836118670660365382","72.104860656755903392","87.527289186117585018","31.445730897529657","58.885636203017320156","8064.9286644581479777","4.3813009241110005831","0.31295006600792862894","0.31295006600792862894","0","0","0","0.62590013201585725788","0","0","0","0","0","0.46942509901189299892","13553.31030811488381","12245.007669753968003","25798.317977868853632","0","1445","3078","175"
"10/09/2022 19:15:04.084","37914.506407250781194","0","1582420.3194462545216","0","1620334.8258535051718","0","2008.335942372442787","126.03281746762918658","362.51911838945636646","45.73932678302232091","305.19515862208777435","45.93906183447656133","267.64496894868955224","17.776419579427887641","50.932438120832713935","22.170590711421297669","18.375624733790626664","46.738002040293551431","3317.3994696035706511","1.2483522000629609927","0","0","0","0","0","0.93626415004722063351","0","0","0","0","0","0.18205169540310181531","4274.7295712237710177","3844.7000054427799114","8119.4295766665518386","0","1445","3078","175"
"10/09/2022 19:15:09.077","2381.7286086342828639","0","96723.977562081665383","0","99105.706170715944609","0","810.93332798185429056","37.652621798120179619","86.921477980766795213","30.442545283586529337","91.527915753941073262","27.238066832682683582","93.330434882574493827","15.221272641793264668","32.845904121764412764","14.219873125885813536","20.628830027693503268","40.256260539479555405","1301.2185309701426377","0.62586854281160142488","0","0","0","0","0","0","0","0","0","0","0","0.052156379494079106729","267.97451045683408211","240.73644362415137721","508.71095408098545931","0","1445","3078","175"
"10/09/2022 19:15:14.094","10868.318988680442999","0","376209.0793089690269","0","387077.39829764945898","0","962.15269616433749889","34.682943677769777935","107.03873997104810201","30.696398427451413227","246.96647825722271818","29.500434852355901683","103.25152198324566655","39.068143453119979824","36.676216302928963842","20.530708039139579313","26.111871389585292746","15.946181001273460609","1652.6223335194783886","0.62288935188891147998","0","0","0","0","0","0","0","0","0","0","0","0.051908110406051304053","1032.3158925699406154","923.08455271121749774","1955.4004452811582269","0","1445","3078","176"
"10/09/2022 19:15:19.089","57640.644363521016203","0","2459149.762304794509","0","2516790.4066683156416","0","2567.7461017459736468","188.20127373420780259","607.2494289743109448","44.847963102619729625","436.46678376656700493","41.844751287712156795","451.08241459911721449","31.233402875038741797","73.678796525732408895","27.42933457615581716","30.232332270069552038","38.641325351810749567","4538.653908809315908","1.8770468069201378114","0","0","0","0.31284113448668965374","0","0","0","0","0","0","0","0.18248899329785170376","6638.6998239136828488","5958.3722407766217657","12597.072064690304614","0","1445","3078","176"
"10/09/2022 19:15:24.081","410.23622715997782961","0","1411.9898267825603853","0","1822.2260539425383286","0","699.08419569742318345","15.824541965643676988","66.903759702847949598","38.659956954040879396","78.922399170425421744","39.260888927419756556","28.644424064392982388","21.032619068260583362","35.254675771560592068","13.020192756542265045","25.84007485529157222","14.222056703300012259","1076.6697856371488342","0.93895374452449742453","0","0","0","0","0","0","0","0","0","0","0","0.07824714692770227964","12.419260783163391437","9.8152222318549391389","22.234483015018330576","0","1445","3078","176"
"10/09/2022 19:15:29.088","5938.1660176680561563","0","212310.15709605847951","0","218248.3231137265393","0","994.25483286642179337","34.553251523883275809","81.290019481043316318","36.550549299830286998","77.694883484338703283","43.341361738050125041","50.731363509054062888","15.978382207576082408","43.740821293239527279","14.580273764413176352","32.755683525530969291","17.176760873144289121","1442.6481835665256312","0.31207757803192753832","0","0","0","0.31207757803192753832","0","0","0","0","0","0","0","0.052013595437487722406","594.79527767701972607","537.87229106252993915","1132.6675687395495515","0.19972977759470103565","1445","3078","167"
